U40300KA2018PTC115929,No data,No data
U72900KA2018PTC115917,No data,No data
U72200KA2018PTC115918,Form ADT-1-15102019_signed,15/10/2019
U85300KA2018PTC115919,No data,No data
U74999KA2018PTC115920,Form INC-22-27022019_signed,27/02/2019
U22300KA2018PTC115921,Form DPT-3-27082019,27/08/2019
U22300KA2018PTC115921,Form ADT-1-08122019_signed,08/12/2019
U74999KA2018PTC115922,Form ADT-1-25122019_signed,25/12/2019
U72900KA2018PTC115923,Form ADT-1-25012019_signed,25/01/2019
U72900KA2018PTC115923,Form ADT-1-17102019_signed,17/10/2019
U72200KA2018PTC115925,No data,No data
U72900KA2018PTC115924,Form MGT-14-19122019_signed,19/12/2019
U72900KA2018PTC115926,No data,No data
U74999KA2018PTC115931,No data,No data
U74999KA2018PTC115928,Form DPT-3-14012020-signed,14/01/2020
U72200KA2018PTC115927,No data,No data
U15549KA2018PTC115942,No data,No data
U45209KA2018PTC115930,No data,No data
U51909KA2018OPC115938,No data,No data
U74999KA2018PTC115932,No data,No data
U80301KA2018PTC115933,No data,No data
U74999KA2018PTC115934,Form ADT-1-15102019_signed,15/10/2019
U51909KA2018PTC115935,Form INC-22-01032019,01/03/2019
U74999KA2018PTC115936,Error getting results,Error getting results
U55200KA2018PTC115937,No data,No data
U51909KA2018PTC115939,No data,No data
U74999KA2018OPC115941,No data,No data
U45500KA2018PTC115940,No data,No data
U65100KA2018PTC115943,Form ADT-1-06062019_signed,06/06/2019
U65100KA2018PTC115943,Form ADT-1-18102019_signed,18/10/2019
U72900KA2018PTC115951,No data,No data
U33309KA2018FTC115959,No data,No data
U27310KA2018PTC115952,No data,No data
U74999KA2018PTC115953,No data,No data
U01100KA2018PTC115955,Form ADT-1-13122019_signed,13/12/2019
U72501KA2018PTC115954,No data,No data
U22300KA2018PTC115957,No data,No data
U74999KA2018PTC115956,Form ADT-3-03082019_signed,03/08/2019
U74999KA2018PTC115956,Form MGT-14-17082019_signed,17/08/2019
U74999KA2018PTC115956,Form ADT-1-22082019_signed,22/08/2019
U74999KA2018PTC115956,Form DPT-3-14012020-signed,14/01/2020
U74999KA2018PTC115958,No data,No data
U51909KA2018PTC115960,No data,No data
U74999KA2018PTC115961,Form DPT-3-21012020-signed,21/01/2020
U29309KA2018PTC115962,Form INC-22-25072019_signed,25/07/2019
U93000KA2018PTC115963,No data,No data
U74999KA2018PTC115965,No data,No data
U72900KA2018OPC115964,Form ADT-1-27102019_signed,27/10/2019
U51909KA2018PTC115966,No data,No data
U74999KA2018PTC115967,No data,No data
U72900KA2018PTC115968,Form DPT-3-05112019-signed,05/11/2019
U93090KA2018PTC115970,Form ADT-3-25042019_signed,25/04/2019
U93090KA2018PTC115970,Form ADT-1-29042019_signed,29/04/2019
U93090KA2018PTC115970,Form SH-7-20052019-signed,20/05/2019
U93090KA2018PTC115970,Form PAS-3-18062019_signed,18/06/2019
U93090KA2018PTC115970,Form DPT-3-12072019,12/07/2019
U93000KA2018PTC115971,No data,No data
U52311KA2018PTC115969,No data,No data
U01100KA2018PTC115972,No data,No data
U73200KA2018NPL115973,Form ADT-1-05122019_signed,05/12/2019
U72200KA2018PTC115974,Form ADT-1-16092019_signed,16/09/2019
U72200KA2018PTC115974,Form PAS-3-04112019_signed,04/11/2019
U74999KA2018PTC115978,No data,No data
U72900KA2018PTC115975,Form ADT-1-12122019_signed,12/12/2019
U72900KA2018OPC115976,No data,No data
U73200KA2018PTC115977,No data,No data
U74990KA2018PTC115979,No data,No data
U18100KA2018PTC115980,Form DPT-3-10082019,10/08/2019
U18100KA2018PTC115980,Form DPT-3-10082019,10/08/2019
U74999KA2018PTC115984,No data,No data
U36995KA2018PTC115985,No data,No data
U63030KA2018PTC115981,Form ADT-1-14122019_signed,14/12/2019
U63030KA2018PTC115981,Form INC-22-26122019_signed,26/12/2019
U72900KA2018PTC115982,No data,No data
U74999KA2018PTC115983,Error getting results,Error getting results
U74999KA2018PTC115986,Form DPT-3-20092019,20/09/2019
U72900KA2018PTC115993,Form ADT-1-24072019_signed,24/07/2019
U72900KA2018PTC115993,Form DPT-3-15102019,16/10/2019
U72900KA2018PTC115993,Form DPT-3-15102019,16/10/2019
U72900KA2018PTC115993,Form ADT-1-06112019_signed,06/11/2019
U72900KA2018PTC116004,Form DPT-3-30062019,02/07/2019
U72900KA2018PTC116004,Form DPT-3-30062019,03/07/2019
U29100KA2018PTC115987,Form DPT-3-15072019,15/07/2019
U29100KA2018PTC115987,Form DPT-3-15072019,15/07/2019
U67190KA2018PTC115988,Form ADT-1-13062019_signed,13/06/2019
U67190KA2018PTC115988,Form DPT-3-22072019,22/07/2019
U01100KA2018PTC115989,Form ADT-1-14102019_signed,14/10/2019
U72500KA2018PTC115990,Form DPT-3-29102019,29/10/2019
U72500KA2018PTC115990,Form ADT-1-22112019_signed,22/11/2019
U74999KA2018OPC115992,No data,No data
U74999KA2018PTC115994,No data,No data
U74999KA2018PTC115995,No data,No data
U72200KA2018PTC115997,No data,No data
U72900KA2018PTC115998,Form ADT-1-30102019_signed,30/10/2019
U15549KA2018PTC116001,No data,No data
U72900KA2018OPC115996,Form INC-22-01032019,01/03/2019
U72900KA2018OPC115996,Form ADT-1-23112019_signed,23/11/2019
U85100KA2018PTC116002,Form ADT-1-15122019_signed,15/12/2019
U74999KA2018PTC115999,No data,No data
U55209KA2018PTC116000,No data,No data
U72900KA2018FTC116005,Form ADT-1-15052019_signed,15/05/2019
U74999KA2018PTC116003,Form ADT-1-16122019_signed,16/12/2019
U72900KA2018PTC116006,Form PAS-3-17012019_signed,17/01/2019
U72900KA2018PTC116006,Form MGT-14-18012019-signed,18/01/2019
U72900KA2018PTC116006,Form MGT-14-18012019-signed,18/01/2019
U72900KA2018PTC116006,Form MGT-14-15022019-signed,15/02/2019
U72900KA2018PTC116006,Form MGT-14-05082019_signed,05/08/2019
U72900KA2018PTC116006,Form PAS-3-31082019_signed,31/08/2019
U72900KA2018PTC116006,Form MGT-14-19092019-signed,19/09/2019
U15400KA2018PTC116009,Form ADT-1-05022019_signed,05/02/2019
U74999KA2018PTC116007,No data,No data
U72900KA2018PTC116010,Form DPT-3-16082019,16/08/2019
U72900KA2018PTC116010,Form DPT-3-16082019,16/08/2019
U74999KA2018PTC116008,No data,No data
U74999KA2018PTC116014,Form DPT-3-30062019,30/06/2019
U74999KA2018PTC116014,Form ADT-1-15102019_signed,15/10/2019
U72900KA2018PTC116011,Form ADT-1-12032019_signed,12/03/2019
U74994KA2018PTC116012,Form PAS-3-26022019_signed,26/02/2019
U72900KA2018PTC116013,No data,No data
U33301KA2018PTC116015,Form INC-22-18022019_signed,18/02/2019
U33301KA2018PTC116015,Form ADT-1-31082019_signed,31/08/2019
U72900KA2018PTC116018,No data,No data
U74999KA2018PTC116016,No data,No data
U72900KA2018PTC116017,Form ADT-1-09042019_signed,09/04/2019
U72900KA2018PTC116017,Form ADT-1-29102019_signed,29/10/2019
U74999KA2018PTC116019,Form ADT-1-27092019_signed,27/09/2019
U74999KA2018PTC116019,Form DPT-3-28092019,28/09/2019
U45201KA2018PTC116020,No data,No data
U93090KA2018PTC116021,No data,No data
U74999KA2018PTC116022,No data,No data
U74999KA2018PTC116024,No data,No data
U74999KA2018OPC116023,No data,No data
U72900KA2018PTC116041,Form ADT-1-20112019_signed,20/11/2019
U51900KA2018PTC116025,Error getting results,Error getting results
U92419KA2018PTC116027,No data,No data
U15549KA2018PTC116028,Error getting results,Error getting results
U74999KA2018PTC116026,Form MGT-14-05042019-signed,05/04/2019
U74999KA2018PTC116029,No data,No data
U72200KA2018PTC116032,Form ADT-3-08082019_signed,08/08/2019
U72200KA2018PTC116032,Form ADT-1-16082019_signed,16/08/2019
U72200KA2018PTC116032,Form MGT-14-19092019-signed,19/09/2019
U72200KA2018PTC116032,Form PAS-3-16102019_signed,16/10/2019
U72200KA2018PTC116032,Form MGT-14-25112019_signed,25/11/2019
U72200KA2018PTC116032,Form SH-7-26112019-signed,26/11/2019
U72200KA2018PTC116032,Form PAS-3-09122019_signed,09/12/2019
U74999KA2018PTC116030,No data,No data
U51909KA2018PTC116031,Form INC-22-19012019_signed,19/01/2019
U51909KA2018PTC116031,Form ADT-1-28122019_signed,28/12/2019
U72900KA2018PTC116033,Form INC-22-21032019,21/03/2019
U74999KA2018PTC116034,Form INC-22-17122019_signed,17/12/2019
U74999KA2018PTC116035,No data,No data
U74999KA2018PTC116036,Error getting results,Error getting results
U93090KA2018PTC116037,No data,No data
U45400KA2018PTC116039,Form INC-22-22052019_signed,22/05/2019
U72900KA2018FTC116038,Error getting results,Error getting results
U72900KA2018PTC116040,No data,No data
U72900KA2018PTC116042,No data,No data
U72501KA2018PTC116054,No data,No data
U72502KA2018PTC116043,Form DPT-3-30062019,30/06/2019
U74999KA2018PTC116044,Form ADT-1-15102019_signed,15/10/2019
U74999KA2018PTC116044,Form INC-22-16122019_signed,16/12/2019
U80900KA2018PTC116046,No data,No data
U15310KA2018PTC116045,Form DPT-3-27062019,27/06/2019
U15310KA2018PTC116045,Form DPT-3-27062019,27/06/2019
U31909KA2018PTC116047,No data,No data
U72900KA2018PTC116048,No data,No data
U72900KA2018PTC116049,No data,No data
U74999KA2018PTC116050,No data,No data
U36999KA2018OPC116051,Form ADT-1-16102019_signed,16/10/2019
U36999KA2018OPC116051,Form DPT-3-05122019-signed,05/12/2019
U72900KA2018PTC116053,No data,No data
U72200KA2018PTC116052,No data,No data
U33309KA2018PTC116056,Error getting results,Error getting results
U72900KA2018OPC116057,No data,No data
U74999KA2018PTC116055,No data,No data
U74999KA2018PTC116059,No data,No data
U74999KA2018PTC116058,No data,No data
U72200KA2018PTC116060,Form SH-7-01082019-signed,01/08/2019
U72200KA2018PTC116060,Form ADT-1-17082019_signed,17/08/2019
U72200KA2018PTC116060,Form ADT-1-05012020_signed,05/01/2020
U74110KA2018PTC116061,Form MGT-14-23012019-signed,23/01/2019
U74110KA2018PTC116061,Form MGT-14-31012019_signed,31/01/2019
U74110KA2018PTC116061,Form INC-22-27032019_signed,27/03/2019
U74110KA2018PTC116061,Form INC-22-27032019_signed,27/03/2019
U74110KA2018PTC116061,Form PAS-3-07052019_signed,07/05/2019
U01100KA2018OPC116062,No data,No data
U74999KA2018PTC116068,Form DPT-3-26062019,26/06/2019
U74999KA2018PTC116068,Form ADT-1-21092019_signed,21/09/2019
U74999KA2018PTC116068,Form DPT-3-07112019-signed,07/11/2019
U74999KA2018PTC116069,No data,No data
U74999KA2018PTC116063,No data,No data
U72501KA2018PTC116064,Error getting results,Error getting results
U72900KA2018PTC116065,Error getting results,Error getting results
U93000KA2018PTC116066,No data,No data
U74999KA2018PTC116067,No data,No data
U74999KA2018PTC116070,No data,No data
U74999KA2018PTC116071,No data,No data
U93000KA2018PTC116072,No data,No data
U15400KA2018PTC116075,No data,No data
U93090KA2018NPL116074,Form ADT-1-27022019_signed,27/02/2019
U93090KA2018NPL116074,Form MGT-14-04092019-signed,04/09/2019
U93090KA2018NPL116074,Form SH-7-13092019-signed,13/09/2019
U93090KA2018NPL116074,Form PAS-3-13122019_signed,13/12/2019
U80901KA2018OPC116076,No data,No data
U74999KA2018PTC116077,No data,No data
U70109KA2018PTC116073,No data,No data
U55101KA2018PTC116078,No data,No data
U74999KA2018PTC116081,No data,No data
U15490KA2018PTC116079,No data,No data
U74999KA2018PTC116080,Form INC-22-21012019-signed,21/01/2019
U74999KA2018PTC116080,Form ADT-1-18122019_signed,18/12/2019
U74999KA2018PTC116082,Error getting results,Error getting results
U73100KA2018PTC116083,No data,No data
U70100KA2018PTC116084,No data,No data
U52321KA2018PTC116085,No data,No data
U74999KA2018PTC116091,No data,No data
U63030KA2018PTC116086,No data,No data
U74990KA2018PTC116088,Form INC-22-28022019_signed,28/02/2019
U70109KA2018PTC116089,No data,No data
U72900KA2018PTC116087,Form SH-7-16042019-signed,16/04/2019
U72900KA2018PTC116087,Form PAS-3-14052019_signed,14/05/2019
U72900KA2018PTC116087,Form MGT-14-22062019-signed,22/06/2019
U72900KA2018PTC116087,Form MGT-14-22062019-signed,22/06/2019
U72900KA2018PTC116087,Form ADT-1-15102019_signed,15/10/2019
U74999KA2018PTC116090,No data,No data
U80902KA2018PTC116092,Form BEN - 2-17092019_signed,17/09/2019
U72900KA2018PTC116094,No data,No data
U74999KA2018PTC116093,Form INC-22-10052019_signed,10/05/2019
U74999KA2018PTC116093,Form DPT-3-27062019,27/06/2019
U74999KA2018PTC116093,Form DPT-3-06112019-signed,06/11/2019
U72900KA2018PTC116095,No data,No data
U36999KA2018PTC116097,No data,No data
U22300KA2018PTC116099,No data,No data
U74999KA2018PTC116096,No data,No data
U72900KA2018PTC116098,Form DPT-3-30062019,30/06/2019
U72900KA2018PTC116098,Form DPT-3-01072019,01/07/2019
U72900KA2018PTC116098,Form ADT-1-26122019_signed,26/12/2019
U80904KA2018NPL116100,Form MGT-14-26022019_signed,26/02/2019
U80904KA2018NPL116100,Form SH-7-28032019-signed,28/03/2019
U80904KA2018NPL116100,Form ADT-1-10112019_signed,10/11/2019
U85300KA2018PTC116101,Form ADT-1-17102019_signed,17/10/2019
U93000KA2018PTC116103,Form DPT-3-28062019,28/06/2019
U93000KA2018PTC116103,Form DPT-3-28062019,28/06/2019
U93000KA2018PTC116103,Form ADT-1-09112019_signed,09/11/2019
U52609KA2018PTC116102,No data,No data
U72900KA2018PTC116104,No data,No data
U80904KA2018NPL116105,Form ADT-1-25102019_signed,25/10/2019
U80904KA2018NPL116105,Form INC-22-26102019_signed,26/10/2019
U80904KA2018NPL116105,Form ADT-1-17112019_signed,17/11/2019
U72200KA2018PTC116106,No data,No data
U74999KA2018PTC116119,Form INC-22-02072019_signed,02/07/2019
U74999KA2018PTC116108,Form ADT-1-25092019_signed,25/09/2019
U74999KA2018PTC116109,No data,No data
U74999KA2018PTC116110,No data,No data
U72900KA2018PTC116107,Form PAS-3-09022019_signed,09/02/2019
U72900KA2018PTC116107,Form ADT-1-03012020_signed,03/01/2020
U51909KA2018PTC116111,Form ADT-1-04122019_signed,04/12/2019
U51909KA2018PTC116111,Form DPT-3-14012020-signed,14/01/2020
U92100KA2018PTC116112,No data,No data
U74999KA2018PTC116113,Form INC-22-03052019_signed,03/05/2019
U74999KA2018PTC116113,Form DPT-3-25112019-signed,25/11/2019
U74999KA2018OPC116114,Form ADT-1-03102019_signed,03/10/2019
U70100KA2018PTC116115,No data,No data
U72900KA2018PTC116117,No data,No data
U74999KA2018PTC116116,No data,No data
U73200KA2018PTC116118,Form DPT-3-27062019,27/06/2019
U73200KA2018PTC116118,Form ADT-1-02102019_signed,02/10/2019
U73200KA2018PTC116118,Form DPT-3-20112019-signed,20/11/2019
U01118KA2018PTC116120,No data,No data
U74990KA2018PTC116122,Form ADT-1-27122019_signed,27/12/2019
U63030KA2018PTC116121,Form ADT-1-31122019_signed,31/12/2019
U72900KA2018PTC116123,Form ADT-1-12102019_signed,12/10/2019
U72900KA2018PTC116123,Form ADT-1-02122019_signed,02/12/2019
U80302KA2018PTC116124,Form ADT-1-15122019_signed,15/12/2019
U72900KA2018PTC116125,Form MGT-14-03072019_signed,03/07/2019
U72900KA2018PTC116125,Form ADT-1-12102019_signed,12/10/2019
U72900KA2018PTC116125,Form GNL-2-23102019-signed,23/10/2019
U31909KA2018PTC116126,Form SH-7-28012019-signed,28/01/2019
U31909KA2018PTC116126,Form MGT-14-18022019-signed,18/02/2019
U31909KA2018PTC116126,Form PAS-3-26042019_signed,26/04/2019
U31909KA2018PTC116126,Form GNL-2-26042019-signed,26/04/2019
U72200KA2018PTC116129,No data,No data
U93090KA2018PTC116150,Form INC-22-08022019-signed,08/02/2019
U74999KA2018PTC116127,No data,No data
U15100KA2018PTC116131,Form PAS-3-10052019_signed,10/05/2019
U15100KA2018PTC116131,Form MGT-14-27072019_signed,27/07/2019
U15100KA2018PTC116131,Form PAS-3-16082019_signed,16/08/2019
U15100KA2018PTC116131,Form ADT-3-19092019_signed,19/09/2019
U15100KA2018PTC116131,Form ADT-1-25112019_signed,25/11/2019
U15100KA2018PTC116131,Form ADT-1-25112019_signed,25/11/2019
U74999KA2018PTC116128,No data,No data
U72900KA2018PTC116130,Form DPT-3-07012020-signed,07/01/2020
U52321KA2018PTC116132,No data,No data
U67100KA2018PTC116134,Form ADT-1-21102019_signed,21/10/2019
U74999KA2018PTC116133,No data,No data
U29309KA2018PTC116136,Form ADT-1-24112019_signed,24/11/2019
U74999KA2018OPC116135,Form DPT-3-30062019,30/06/2019
U74999KA2018OPC116135,Form DPT-3-30062019,30/06/2019
U74999KA2018OPC116135,Form ADT-1-01082019_signed,01/08/2019
U72900KA2018PTC116137,No data,No data
U74999KA2018PTC116147,Form ADT-1-13012020_signed,13/01/2020
U15100KA2018PTC116138,No data,No data
U72900KA2018OPC116139,No data,No data
U72900KA2018PTC116141,Form INC-22-13122019_signed,13/12/2019
U93090KA2018OPC116142,No data,No data
U80900KA2018NPL116140,Form ADT-1-10102019_signed,10/10/2019
U72900KA2018PTC116143,No data,No data
U74999KA2018PTC116144,Form SH-7-18032019-signed,18/03/2019
U74999KA2018PTC116144,Form DPT-3-27112019-signed,27/11/2019
U72900KA2018OPC116146,No data,No data
U55204KA2018PTC116145,No data,No data
U72900KA2018PTC116148,Form BEN - 2-23082019_signed,23/08/2019
U72900KA2018PTC116148,Form ADT-1-24112019_signed,24/11/2019
U74999KA2018PTC116149,Form DPT-3-25112019-signed,25/11/2019
U74999KA2018PTC116151,Form ADT-1-29102019_signed,29/10/2019
U74999KA2018PTC116151,Form DPT-3-23012020-signed,23/01/2020
U74990KA2018PTC116152,Form PAS-3-25052019_signed,25/05/2019
U74990KA2018PTC116152,Form PAS-3-25052019_signed,25/05/2019
U74990KA2018PTC116152,Form MGT-14-25052019_signed,25/05/2019
U74990KA2018PTC116152,Form PAS-3-18062019_signed,18/06/2019
U74990KA2018PTC116152,Form MGT-14-18062019_signed,18/06/2019
U74990KA2018PTC116152,Form MGT-14-26082019_signed,26/08/2019
U74990KA2018PTC116152,Form PAS-3-26082019_signed,26/08/2019
U72200KA2018FTC116161,Form DPT-3-27062019,27/06/2019
U72200KA2018FTC116161,Form BEN - 2-24072019_signed,24/07/2019
U72200KA2018FTC116161,Form ADT-1-24122019_signed,24/12/2019
U52209KA2018PTC116153,Form ADT-1-08112019_signed,08/11/2019
U45500KA2018PTC116154,No data,No data
U29309KA2018PTC116155,No data,No data
U72200KA2018PTC116156,Form INC-22-15042019_signed,15/04/2019
U72200KA2018PTC116156,Form INC-22-16042019_signed,16/04/2019
U72200KA2018PTC116156,Form ADT-1-20102019_signed,20/10/2019
U74999KA2018PTC116157,No data,No data
U74999KA2018PTC116158,Form INC-22-29012019-signed,29/01/2019
U74999KA2018PTC116158,Form ADT-1-07112019_signed,07/11/2019
U72900KA2018PTC116159,Form MGT-14-01052019-signed,01/05/2019
U72900KA2018PTC116159,Form INC-22-03062019_signed,03/06/2019
U72900KA2018PTC116159,Form DPT-3-21112019-signed,21/11/2019
U72501KA2018PTC116160,No data,No data
U72901KA2018PTC116163,No data,No data
U75230KA2018OPC116162,Form ADT-1-09092019_signed,09/09/2019
U74997KA2018PTC116164,Form PAS-3-02012019_signed,02/01/2019
U67190KA2018PTC116167,Form ADT-1-17102019_signed,17/10/2019
U74999KA2018OPC116165,Form ADT-1-08082019_signed,08/08/2019
U74999KA2018PTC116166,Form DPT-3-07112019,07/11/2019
U74999KA2018PTC116166,Form DPT-3-07112019,07/11/2019
U74999KA2018PTC116166,Form ADT-1-09112019_signed,09/11/2019
U72900KA2018PTC116168,Form DPT-3-26062019,26/06/2019
U72900KA2018PTC116168,Form ADT-1-12102019_signed,12/10/2019
U72900KA2018PTC116168,Form DPT-3-08112019-signed,08/11/2019
U31909KA2018PTC116171,Form ADT-1-30082019_signed,30/08/2019
U51501KA2018PTC116169,No data,No data
U27320KA2018PTC116170,No data,No data
U45309KA2018PTC116172,No data,No data
U93090KA2018PTC116173,No data,No data
U72900KA2018PTC116174,No data,No data
U70109KA2018PTC116176,Form DPT-3-09082019,09/08/2019
U70109KA2018PTC116176,Form DPT-3-09082019,09/08/2019
U70109KA2018PTC116176,Form ADT-1-15102019_signed,15/10/2019
U65990KA2018PTC116175,Form MGT-14-18062019_signed,18/06/2019
U65990KA2018PTC116175,Form SH-7-22062019-signed,22/06/2019
U65990KA2018PTC116175,Form PAS-3-20082019_signed,20/08/2019
U65990KA2018PTC116175,Form ADT-1-14102019_signed,14/10/2019
U74999KA2018PTC116177,No data,No data
U65999KA2018PTC116178,Form ADT-1-18122019_signed,18/12/2019
U72900KA2018PTC116179,Form DPT-3-01072019,01/07/2019
U15549KA2018PTC116180,Form DPT-3-30062019,30/06/2019
U15549KA2018PTC116180,Form MSME FORM I-29102019_signed,29/10/2019
U74999KA2018PTC116181,Form ADT-1-23102019_signed,23/10/2019
U74999KA2018PTC116182,No data,No data
U74999KA2018PTC116183,Form ADT-1-15102019_signed,15/10/2019
U52609KA2018PTC116187,No data,No data
U72501KA2018PTC116193,Form MGT-14-05092019-signed,05/09/2019
U72501KA2018PTC116193,Form ADT-1-21102019_signed,21/10/2019
U72900KA2018PTC116184,Form ADT-1-23102019_signed,23/10/2019
U45309KA2018PTC116185,No data,No data
U15549KA2018PTC116190,No data,No data
U45309KA2018PTC116191,No data,No data
U29100KA2018PTC116188,No data,No data
U51909KA2018OPC116189,Form DPT-3-29062019,29/06/2019
U74999KA2018OPC116186,No data,No data
U93090KA2018PTC116192,No data,No data
U74999KA2018PTC116202,No data,No data
U80301KA2018PTC116205,Error getting results,Error getting results
U74999KA2018PTC116196,No data,No data
U72900KA2018PTC116194,Form DPT-3-30062019,30/06/2019
U51909KA2018PTC116195,No data,No data
U52202KA2018PTC116197,No data,No data
U72900KA2018PTC116198,No data,No data
U74999KA2018PTC116200,Error getting results,Error getting results
U74999KA2018PTC116199,Form ADT-1-30032019_signed,30/03/2019
U74999KA2018PTC116199,Form ADT-1-29102019_signed,29/10/2019
U15400KA2018PTC116201,Form INC-22-13032019_signed,13/03/2019
U74999KA2018OPC116211,Form ADT-1-24072019_signed,24/07/2019
U72900KA2018PTC116204,Error getting results,Error getting results
U45309KA2018PTC116206,Form MR-1-01062019_signed,01/06/2019
U45309KA2018PTC116206,Form MGT-14-06062019-signed,06/06/2019
U45309KA2018PTC116206,Form DPT-3-08072019-signed,08/07/2019
U63033KA2018PTC116203,Form SH-7-28012019-signed,28/01/2019
U63033KA2018PTC116203,Form PAS-3-01032019_signed,01/03/2019
U74999KA2018PTC116212,Form SH-7-18032019-signed,18/03/2019
U74999KA2018PTC116212,Form PAS-3-03042019_signed,03/04/2019
U74999KA2018PTC116212,Form DPT-3-24042019-signed,24/04/2019
U74999KA2018PTC116212,Form DPT-3-27062019,27/06/2019
U74999KA2018PTC116212,Form ADT-1-15102019_signed,15/10/2019
U74999KA2018PTC116212,Form DPT-3-06112019-signed,06/11/2019
U45500KA2018PTC116207,No data,No data
U72900KA2018PTC116209,Form SH-7-03072019-signed,03/07/2019
U72900KA2018PTC116209,Form MGT-14-23102019-signed,23/10/2019
U74999KA2018PTC116210,Form ADT-3-30102019_signed,30/10/2019
U74999KA2018PTC116210,Form ADT-1-10122019_signed,10/12/2019
U72200KA2018PTC116208,Form ADT-1-25122019_signed,25/12/2019
U29119KA2018PTC116213,No data,No data
U01100KA2018PTC116215,Form INC-22-16042019_signed,16/04/2019
U18109KA2018PTC116217,Form ADT-1-15102019_signed,15/10/2019
U74999KA2018PTC116214,Error getting results,Error getting results
U74999KA2018PTC116216,Form ADT-1-26032019_signed,26/03/2019
U80904KA2018PTC116222,Form INC-22-01062019_signed,01/06/2019
U80904KA2018PTC116222,Form ADT-1-07122019_signed,07/12/2019
U51909KA2018PTC116218,No data,No data
U55209KA2018PTC116219,No data,No data
U72900KA2018PTC116220,No data,No data
U01100KA2018PTC116221,No data,No data
U01110KA2018PTC116224,No data,No data
U74999KA2018PTC116223,No data,No data
U51909KA2018PTC116225,No data,No data
U80904KA2018PTC116226,Form MGT-14-08112019_signed,08/11/2019
U74999KA2018PTC116227,Form DPT-3-29062019,29/06/2019
U74999KA2018PTC116227,Form ADT-1-14102019_signed,14/10/2019
U74999KA2018PTC116227,Form DPT-3-04122019-signed,04/12/2019
U74999KA2018PTC116228,No data,No data
U72900KA2018OPC116229,Form ADT-1-26022019_signed,26/02/2019
U72900KA2018OPC116229,Form INC-22-05032019_signed,05/03/2019
U74999KA2018PTC116234,Form DPT-3-30062019,30/06/2019
U74999KA2018PTC116234,Form ADT-1-22072019_signed,22/07/2019
U74999KA2018PTC116234,Form DPT-3-04122019-signed,04/12/2019
U72900KA2018OPC116232,No data,No data
U74999KA2018PTC116230,Error getting results,Error getting results
U15132KA2018PTC116231,No data,No data
U67100KA2018PLC116233,No data,No data
U65999KA2018PTC116235,Form INC-22-09042019_signed,09/04/2019
U65999KA2018PTC116235,Form DPT-3-23092019,23/09/2019
U45201KA2018PTC116237,Form PAS-3-11092019_signed,11/09/2019
U45201KA2018PTC116237,Form ADT-1-20112019_signed,20/11/2019
U92490KA2018PTC116236,Form ADT-1-21012019_signed,21/01/2019
U52100KA2018OPC116238,Error getting results,Error getting results
U74999KA2018PTC116239,No data,No data
U74999KA2018PTC116244,No data,No data
U72900KA2018PTC116240,No data,No data
U74999KA2018PTC116242,Form ADT-1-26042019_signed,26/04/2019
U74999KA2018PTC116247,No data,No data
U74999KA2018PTC116241,Form ADT-1-31052019_signed,31/05/2019
U72900KA2018PTC116243,Form ADT-1-29122019_signed,29/12/2019
U37200KA2018PTC116245,No data,No data
U74999KA2018PTC116251,No data,No data
U15549KA2018PTC116246,Form ADT-1-26102019_signed,26/10/2019
U72900KA2018OPC116248,No data,No data
U72900KA2018OPC116249,Form ADT-1-07012020_signed,07/01/2020
U29309KA2018PTC116250,Error getting results,Error getting results
U74999KA2018PTC116254,Error getting results,Error getting results
U72501KA2018PTC116253,No data,No data
U74999KA2018PLC116255,No data,No data
U72900KA2018PTC116256,Form ADT-1-04072019_signed,04/07/2019
U72900KA2018PTC116257,No data,No data
U74999KA2018PTC116258,Form ADT-1-02102019_signed,02/10/2019
U74999KA2018PTC116260,Form INC-22-30072019_signed,30/07/2019
U74999KA2018PTC116260,Form MGT-14-11112019-signed,11/11/2019
U74999KA2018PTC116260,Form ADT-1-16112019_signed,16/11/2019
U15490KA2018PTC116259,No data,No data
U72900KA2018PTC116261,Error getting results,Error getting results
U74999KA2018PTC116278,No data,No data
U74999KA2018PTC116279,Form INC-22-03032019_signed,03/03/2019
U74999KA2018PTC116279,Form ADT-1-06122019_signed,06/12/2019
U29309KA2018OPC116282,Form DPT-3-30062019,30/06/2019
U29309KA2018OPC116282,Form DPT-3-30062019,30/06/2019
U29309KA2018OPC116282,Form ADT-1-21112019_signed,21/11/2019
U45209KA2018PTC116283,No data,No data
U45401KA2018PTC116262,No data,No data
U72502KA2018FTC116263,Form BEN - 2-29072019_signed,29/07/2019
U72502KA2018FTC116263,Form ADT-1-12102019_signed,12/10/2019
U74999KA2018PTC116264,No data,No data
U72900KA2018OPC116265,Form ADT-1-30102019_signed,30/10/2019
U01111KA2018PTC116266,Form ADT-1-30122019_signed,30/12/2019
U72900KA2018PTC116267,No data,No data
U92490KA2018FTC116268,Form PAS-3-30032019_signed,30/03/2019
U92490KA2018FTC116268,Form ADT-1-14102019,14/10/2019
U72900KA2018OPC116269,Form ADT-1-25012019_signed,25/01/2019
U74999KA2018PTC116270,No data,No data
U70109KA2018PTC116271,Form ADT-1-17122019_signed,17/12/2019
U70109KA2018PTC116271,Form DPT-3-24012020-signed,24/01/2020
U72900KA2018PTC116272,No data,No data
U74999KA2018PTC116275,No data,No data
U72900KA2018PTC116273,No data,No data
U52311KA2018PTC116274,Error getting results,Error getting results
U74999KA2018PTC116276,Form ADT-1-17112019_signed,17/11/2019
U74999KA2018PTC116276,Form DPT-3-08012020-signed,08/01/2020
U55209KA2018PTC116277,Form INC-22-26042019_signed,26/04/2019
U55209KA2018PTC116277,Form PAS-3-11052019_signed,11/05/2019
U55209KA2018PTC116277,Form PAS-3-11052019_signed,11/05/2019
U55209KA2018PTC116277,Form PAS-3-13052019_signed,13/05/2019
U55209KA2018PTC116277,Form PAS-3-05062019_signed,05/06/2019
U21099KA2018PTC116280,Form DPT-3-20092019,20/09/2019
U21099KA2018PTC116280,Form ADT-1-30102019_signed,30/10/2019
U93090KA2018OPC116281,Form DPT-3-30062019,30/06/2019
U93090KA2018OPC116281,Form DPT-3-30062019,30/06/2019
U93090KA2018OPC116281,Form ADT-1-02122019_signed,02/12/2019
U74999KA2018PTC116284,Form DPT-3-27072019,27/07/2019
U74999KA2018PTC116284,Form ADT-1-15102019_signed,15/10/2019
U74999KA2018PTC116288,No data,No data
U72900KA2018PTC116289,No data,No data
U52609KA2018PTC116293,No data,No data
U29299KA2018PTC116285,No data,No data
U70109KA2018PTC116286,No data,No data
U72900KA2018PTC116287,Error getting results,Error getting results
U74999KA2018PTC116290,No data,No data
U93090KA2018PTC116291,No data,No data
U62200KA2018PTC116292,Form ADT-1-28112019_signed,28/11/2019
U45309KA2018PTC116294,No data,No data
U80904KA2018PTC116296,No data,No data
U80904KA2018PTC116297,No data,No data
U36900KA2018OPC116300,No data,No data
U80902KA2018PTC116298,No data,No data
U74999KA2018PTC116299,Form DPT-3-26062019,26/06/2019
U74999KA2018PTC116299,Form BEN - 2-27072019_signed,27/07/2019
U74999KA2018PTC116299,Form DPT-3-11112019-signed,11/11/2019
U74999KA2018PTC116299,Form ADT-1-07122019_signed,07/12/2019
U72900KA2018PTC116301,Form MGT-14-21032019-signed,21/03/2019
U72900KA2018PTC116301,Form ADT-1-21102019_signed,21/10/2019
U74999KA2018PTC116302,No data,No data
U51909KA2018PTC116303,Form ADT-1-15122019_signed,15/12/2019
U40200KA2018PTC116304,Form BEN - 2-22082019_signed,22/08/2019
U72200KA2018OPC116306,No data,No data
U72900KA2018PTC116311,No data,No data
U74999KA2018PTC116305,No data,No data
U15133KA2018PTC116307,Error getting results,Error getting results
U74999KA2018PTC116308,Form INC-22-19012019-signed,19/01/2019
U60221KA2018PTC116310,Form DPT-3-02102019,02/10/2019
U60221KA2018PTC116310,Form ADT-1-13102019_signed,13/10/2019
U92490KA2018PTC116309,No data,No data
U52190KA2018PTC116415,Form DPT-3-14092019,14/09/2019
U15130KA2018PTC116312,No data,No data
U51909KA2018PTC116313,Form MGT-14-18122019_signed,18/12/2019
U51909KA2018PTC116313,Form ADT-1-18122019_signed,18/12/2019
U51909KA2018PTC116313,Form MGT-14-19122019_signed,19/12/2019
U63030KA2018PTC116314,Form ADT-1-24112019_signed,24/11/2019
U74999KA2018PTC116315,Form PAS-3-08042019_signed,08/04/2019
U74999KA2018PTC116315,Form ADT-1-23052019_signed,23/05/2019
U74999KA2018PTC116315,Form DPT-3-20092019,20/09/2019
U74999KA2018PTC116315,Form ADT-1-17112019_signed,17/11/2019
U74999KA2018PTC116315,Form MGT-14-17112019_signed,17/11/2019
U72900KA2018PTC116556,Form INC-22-21112019_signed,21/11/2019
U72900KA2018PTC116556,Form DPT-3-02012020-signed,02/01/2020
U51909KA2018FTC116572,Error getting results,Error getting results
U72900KA2018PTC116317,Form ADT-1-15102019_signed,15/10/2019
U74999KA2018PTC116316,Form ADT-1-26112019_signed,26/11/2019
U74999KA2018PTC116318,Form MGT-14-07122019_signed,07/12/2019
U74999KA2018PTC116318,Form PAS-3-11122019_signed,11/12/2019
U50401KA2018PTC116319,No data,No data
U51909KA2018PTC116320,Form ADT-1-21092019_signed,21/09/2019
U51909KA2018PTC116320,Form ADT-1-23092019_signed,23/09/2019
U73100KA2018PTC116321,Form DPT-3-30062019,30/06/2019
U73100KA2018PTC116321,Form DPT-3-01012020-signed,01/01/2020
U85320KA2018OPC116322,No data,No data
U52590KA2018PTC116323,Form ADT-1-07122019_signed,07/12/2019
U74999KA2018PTC116324,Form DPT-3-04072019,04/07/2019
U72900KA2018PTC116336,Form DPT-3-27072019,27/07/2019
U72501KA2018NPL116325,Form DPT-3-26062019,26/06/2019
U72501KA2018NPL116325,Form ADT-1-23102019_signed,23/10/2019
U72501KA2018NPL116325,Form DPT-3-06112019-signed,06/11/2019
U52609KA2018PTC116326,Form ADT-1-02052019_signed,02/05/2019
U74999KA2018PTC116327,No data,No data
U63030KA2018PTC116328,No data,No data
U74999KA2018PTC116329,Form MGT-14-10062019-signed,10/06/2019
U74999KA2018PTC116329,Form BEN - 2-03012020_signed,03/01/2020
U72900KA2018PTC116330,No data,No data
U45500KA2018PTC116331,Form DPT-3-25062019,25/06/2019
U45500KA2018PTC116331,Form DPT-3-05112019-signed,05/11/2019
U15205KA2018PTC116332,No data,No data
U01110KA2018PTC116333,Form ADT-1-14102019_signed,14/10/2019
U18209KA2018PTC116334,Form INC-22-23112019_signed,23/11/2019
U74999KA2018OPC116335,No data,No data
U93090KA2018PTC116337,Form INC-22-30122019_signed,30/12/2019
U74999KA2018PTC116338,Form DPT-3-30062019,30/06/2019
U74999KA2018PTC116338,Form DPT-3-23012020-signed,23/01/2020
U72900KA2018PTC116340,No data,No data
U80904KA2018NPL116339,No data,No data
U93090KA2018PTC116342,No data,No data
U64200KA2018PTC116341,Form DPT-3-27092019,27/09/2019
U64200KA2018PTC116341,Form ADT-1-25122019_signed,25/12/2019
U52605KA2018OPC116343,No data,No data
U72900KA2018PTC116344,Form INC-22-03072019_signed,03/07/2019
U74999KA2018PTC116345,No data,No data
U72501KA2018PTC116346,Form MGT-14-29032019_signed,29/03/2019
U72501KA2018PTC116346,Form ADT-1-12102019_signed,12/10/2019
U72501KA2018PTC116346,Form INC-22-21112019_signed,21/11/2019
U74999KA2018PTC116347,Form PAS-3-15052019_signed,15/05/2019
U74999KA2018PTC116347,Form DPT-3-28062019,28/06/2019
U74999KA2018PTC116347,Form ADT-1-18112019_signed,18/11/2019
U74999KA2018PTC116347,Form DPT-3-21112019-signed,21/11/2019
U74999KA2018PTC116348,No data,No data
U93090KA2018PTC116349,No data,No data
U74999KA2018PTC116350,Form INC-22-04032019_signed,04/03/2019
U63030KA2018PTC116360,Form ADT-1-04012019_signed,04/01/2019
U72900KA2018PTC116354,No data,No data
U72200KA2018OPC116355,No data,No data
U63000KA2018PTC116351,No data,No data
U74999KA2018PTC116353,Form ADT-1-30012019_signed,30/01/2019
U74994KA2018PTC116361,No data,No data
U74999KA2018PTC116352,Form ADT-1-01062019_signed,01/06/2019
U74999KA2018PTC116352,Form ADT-1-15102019_signed,15/10/2019
U51909KA2018PTC116356,Form ADT-1-10122019_signed,10/12/2019
U22300KA2018OPC116357,No data,No data
U72200KA2018PTC116358,Form MGT-14-15022019_signed,15/02/2019
U72200KA2018PTC116358,Form MGT-14-28022019_signed,28/02/2019
U72200KA2018PTC116358,Form DPT-3-30062019,30/06/2019
U72200KA2018PTC116358,Form DPT-3-25072019,25/07/2019
U72200KA2018PTC116358,Form ADT-1-10102019_signed,10/10/2019
U74999KA2018OPC116359,Form DPT-3-22112019-signed,22/11/2019
U74999KA2018OPC116359,Form ADT-1-25112019_signed,25/11/2019
U74999KA2018PTC116362,No data,No data
U45309KA2018PTC116375,Form SH-7-21052019,21/05/2019
U45309KA2018PTC116375,Form PAS-3-14062019_signed,14/06/2019
U85200KA2018OPC116377,Form INC-22-05032019_signed,05/03/2019
U85200KA2018OPC116377,Form ADT-1-18102019_signed,18/10/2019
U15141KA2018PTC116365,No data,No data
U51909KA2018PTC116366,No data,No data
U32201KA2018PTC116364,Form MGT-14-16072019_signed,16/07/2019
U32201KA2018PTC116364,Form INC-22-16072019_signed,16/07/2019
U32201KA2018PTC116364,Form ADT-1-13102019_signed,13/10/2019
U45309KA2018PTC116363,No data,No data
U72900KA2018OPC116368,No data,No data
U74999KA2018PTC116367,No data,No data
U70109KA2018PTC116369,Form ADT-1-21092019_signed,21/09/2019
U70109KA2018PTC116369,Form BEN - 2-31122019_signed,31/12/2019
U74999KA2018PTC116370,Form ADT-1-20122019_signed,20/12/2019
U74999KA2018PTC116371,No data,No data
U74999KA2018PTC116372,Form INC-22-28012019-signed,28/01/2019
U74999KA2018PTC116373,No data,No data
U92410KA2018PTC116376,No data,No data
U73100KA2018PTC116374,Form ADT-1-04032019_signed,04/03/2019
U73100KA2018PTC116374,Form ADT-3-14092019_signed,14/09/2019
U73100KA2018PTC116374,Form ADT-1-14092019_signed,14/09/2019
U85300KA2018NPL116378,Form ADT-1-17102019_signed,17/10/2019
U85300KA2018NPL116378,Form MGT-14-27112019-signed,27/11/2019
U80900KA2018PTC116379,Form INC-22-03092019_signed,03/09/2019
U93090KA2018PTC116380,No data,No data
U63090KA2018PTC116381,No data,No data
U72900KA2018OPC116382,Error getting results,Error getting results
U85320KA2018PTC116384,Form ADT-1-15102019_signed,15/10/2019
U74999KA2018OPC116386,Form ADT-1-12112019_signed,12/11/2019
U74999KA2018PTC116383,Form ADT-1-03012020_signed,03/01/2020
U74999KA2018PTC116385,Form DPT-3-29062019,29/06/2019
U74999KA2018PTC116385,Form DPT-3-03072019,03/07/2019
U74999KA2018PTC116385,Form ADT-1-11092019_signed,11/09/2019
U74999KA2018PTC116388,Form INC-22-02032019,02/03/2019
U72900KA2018FTC116387,Form ADT-1-10112019_signed,10/11/2019
U51909KA2018PTC116389,No data,No data
U45201KA2018PTC116390,Form INC-22-01032019_signed,01/03/2019
U45201KA2018PTC116390,Form INC-22-19072019_signed,19/07/2019
U45201KA2018PTC116390,Form ADT-1-04102019_signed,04/10/2019
U72900KA2018PTC116391,No data,No data
U74999KA2018PTC116392,Error getting results,Error getting results
U93090KA2018PTC116395,No data,No data
U65990KA2018PTC116393,Form INC-22-19072019_signed,19/07/2019
U72900KA2018PTC116394,Form DPT-3-25062019-signed,25/06/2019
U72900KA2018PTC116394,Form ADT-1-15102019_signed,15/10/2019
U72200KA2018PTC116396,No data,No data
U74999KA2018PTC116397,Form DPT-3-30062019,30/06/2019
U74999KA2018PTC116397,Form DPT-3-30062019,30/06/2019
U74999KA2018PTC116398,Form INC-22-21012019-signed,21/01/2019
U74999KA2018PTC116398,Form ADT-1-13122019_signed,13/12/2019
U74999KA2018PTC116399,Error getting results,Error getting results
U74999KA2018PTC116401,Form ADT-1-22112019_signed,22/11/2019
U74999KA2018OPC116400,No data,No data
U45101KA2018PTC116402,No data,No data
U80900KA2018PTC116403,No data,No data
U55209KA2018PTC116404,Form INC-22-07032019_signed,07/03/2019
U85110KA2018PTC116405,Error getting results,Error getting results
U74999KA2018PTC116406,No data,No data
U29100KA2018PTC116408,Form INC-22-16102019_signed,16/10/2019
U74999KA2018PTC116412,Form MGT-14-18072019-signed,18/07/2019
U74999KA2018PTC116412,Form SH-7-22072019-signed,22/07/2019
U74999KA2018PTC116412,Form DPT-3-15112019-signed,15/11/2019
U74999KA2018PTC116412,Form ADT-1-29122019_signed,29/12/2019
U65100KA2018PTC116407,Form ADT-1-20122019_signed,20/12/2019
U72900KA2018PTC116409,Error getting results,Error getting results
U63030KA2018PTC116410,No data,No data
U17309KA2018PTC116411,No data,No data
U51909KA2018PTC116413,Form DPT-3-30062019,30/06/2019
U51909KA2018PTC116413,Form DPT-3-16072019,16/07/2019
U74993KA2018PTC116414,No data,No data
U74999KA2018PTC116417,No data,No data
U01100KA2018PTC116418,No data,No data
U74999KA2018PTC116416,No data,No data
U74999KA2018PTC116420,Form DPT-3-29062019,29/06/2019
U74999KA2018PTC116420,Form ADT-1-21112019_signed,21/11/2019
U93000KA2018PTC116419,No data,No data
U74999KA2018PTC116421,Form INC-22-13052019_signed,13/05/2019
U74999KA2018PTC116421,Form DPT-3-30062019,30/06/2019
U74999KA2018PTC116421,Form DPT-3-30062019,30/06/2019
U74999KA2018PTC116421,Form ADT-1-01102019_signed,01/10/2019
U01110KA2018PTC116422,Form ADT-1-21112019_signed,21/11/2019
U74990KA2018PTC116423,No data,No data
U01409KA2018PTC116430,Form INC-22-11112019_signed,11/11/2019
U01409KA2018PTC116430,Form ADT-1-13122019_signed,13/12/2019
U72900KA2018PTC116424,Form ADT-1-30042019_signed,30/04/2019
U72900KA2018PTC116424,Form DPT-3-28062019,28/06/2019
U72900KA2018PTC116424,Form DPT-3-30062019,30/06/2019
U72900KA2018PTC116424,Form ADT-1-21102019_signed,21/10/2019
U85100KA2018PTC116425,Form DPT-3-20092019,20/09/2019
U36999KA2018PTC116426,No data,No data
U01111KA2018PTC116429,No data,No data
U45209KA2018PTC116427,Form DPT-3-13072019,13/07/2019
U45209KA2018PTC116427,Form DPT-3-13072019,13/07/2019
U45209KA2018PTC116427,Form ADT-1-26102019_signed,26/10/2019
U72900KA2018PTC116428,Form INC-22-04012019_signed,04/01/2019
U74990KA2018PTC116447,No data,No data
U15549KA2018PTC116431,No data,No data
U74999KA2018OPC116433,No data,No data
U29309KA2018OPC116432,No data,No data
U45209KA2018PTC116434,No data,No data
U74990KA2018PTC116435,Form ADT-1-30092019_signed,30/09/2019
U52609KA2018OPC116436,No data,No data
U72900KA2018PTC116438,No data,No data
U52609KA2018PTC116449,Form DPT-3-28062019,28/06/2019
U52609KA2018PTC116449,Form DPT-3-27112019-signed,27/11/2019
U52609KA2018PTC116449,Form ADT-1-05122019_signed,05/12/2019
U74990KA2018PTC116437,Form ADT-1-08072019_signed,08/07/2019
U74990KA2018PTC116437,Form MSME FORM I-31122019,31/12/2019
U70200KA2018PTC116440,No data,No data
U45500KA2018PTC116439,No data,No data
U72900KA2018PTC116442,Form ADT-1-10112019_signed,10/11/2019
U92490KA2018PTC116441,No data,No data
U74999KA2018PTC116443,Form ADT-1-03122019_signed,03/12/2019
U74999KA2018PTC116444,Form ADT-1-14102019_signed,14/10/2019
U93090KA2018PTC116445,No data,No data
U45201KA2018PTC116446,No data,No data
U93000KA2018NPL116450,No data,No data
U72900KA2018PTC116448,No data,No data
U45309KA2018PTC116451,Error getting results,Error getting results
U63030KA2018PTC116453,No data,No data
U32301KA2018OPC116452,No data,No data
U74999KA2018PTC116454,No data,No data
U65992KA2018PTC116457,No data,No data
U74999KA2018PTC116455,No data,No data
U72200KA2018OPC116456,Error getting results,Error getting results
U60200KA2018PTC116459,Form ADT-1-28112019_signed,28/11/2019
U60200KA2018PTC116459,Form SH-7-05122019-signed,05/12/2019
U60200KA2018PTC116459,Form MGT-14-16122019-signed,16/12/2019
U60200KA2018PTC116459,Form GNL-2-17122019-signed,17/12/2019
U60200KA2018PTC116459,Form GNL-2-17122019-signed,17/12/2019
U60200KA2018PTC116459,Form PAS-3-31122019_signed,31/12/2019
U72900KA2018PTC116460,No data,No data
U74999KA2018OPC116461,Error getting results,Error getting results
U51909KA2018PTC116462,No data,No data
U74999KA2018PTC116463,Error getting results,Error getting results
U72900KA2018PTC116464,No data,No data
U74999KA2018PTC116465,Form INC-22-24012019_signed,24/01/2019
U74999KA2018PTC116465,Form DPT-3-26062019-signed,26/06/2019
U72900KA2018PTC116468,No data,No data
U85300KA2018NPL116467,Form DPT-3-29062019,29/06/2019
U85300KA2018NPL116467,Form DPT-3-29062019,29/06/2019
U85300KA2018NPL116467,Form ADT-1-29102019_signed,29/10/2019
U85300KA2018NPL116467,Form ADT-1-12112019_signed,12/11/2019
U51501KA2018PTC116469,No data,No data
U74999KA2018PTC116470,Form PAS-3-10072019_signed,10/07/2019
U74999KA2018FTC116471,Form ADT-1-03012020_signed,03/01/2020
U45500KA2018PTC116472,No data,No data
U74999KA2018PTC116474,Form ADT-1-24112019_signed,24/11/2019
U74999KA2018PTC116474,Form INC-22-12122019_signed,12/12/2019
U74999KA2018PTC116475,No data,No data
U70109KA2018PTC116473,Form ADT-1-20092019_signed,20/09/2019
U72900KA2018PTC116477,No data,No data
U92410KA2018PTC116476,No data,No data
U74999KA2018OPC116479,No data,No data
U73200KA2018PTC116478,No data,No data
U52609KA2018PTC116481,Form DPT-3-28062019,28/06/2019
U52609KA2018PTC116481,Form SH-7-19082019-signed,19/08/2019
U52609KA2018PTC116481,Form PAS-3-20082019_signed,20/08/2019
U52609KA2018PTC116481,Form ADT-1-11102019_signed,11/10/2019
U72900KA2018PTC116480,No data,No data
U72900KA2018FTC116482,No data,No data
U72900KA2018PTC116483,No data,No data
U52590KA2018PTC116484,No data,No data
U74999KA2018PTC116485,No data,No data
U74999KA2018PTC116486,Form DPT-3-29062019-signed,29/06/2019
U74999KA2018PTC116486,Form DPT-3-29062019-signed,29/06/2019
U74999KA2018PTC116486,Form MGT-14-22112019_signed,22/11/2019
U74999KA2018PTC116486,Form PAS-3-29112019_signed,29/11/2019
U74999KA2018PTC116486,Form ADT-1-21122019_signed,21/12/2019
U74990KA2018PTC116487,No data,No data
U72900KA2018PTC116488,No data,No data
U63000KA2018PTC116490,Form ADT-1-16102019_signed,16/10/2019
U45500KA2018PTC116489,No data,No data
U24304KA2018PTC116495,No data,No data
U74999KA2018PTC116498,Form MGT-14-28012019_signed,28/01/2019
U74999KA2018PTC116498,Form PAS-3-29012019_signed,29/01/2019
U74999KA2018PTC116498,Form MGT-14-27022019_signed,27/02/2019
U74999KA2018PTC116498,Form PAS-3-28022019_signed,28/02/2019
U74999KA2018PTC116498,Form GNL-2-26042019-signed,26/04/2019
U74999KA2018PTC116498,Form GNL-2-26042019-signed,26/04/2019
U74999KA2018PTC116498,Form MGT-14-16052019_signed,16/05/2019
U74999KA2018PTC116498,Form PAS-3-17052019_signed,17/05/2019
U74999KA2018PTC116498,Form DPT-3-28062019,28/06/2019
U74999KA2018PTC116498,Form MGT-14-12082019_signed,12/08/2019
U74999KA2018PTC116498,Form PAS-3-13082019_signed,13/08/2019
U74999KA2018PTC116498,Form ADT-1-26122019_signed,26/12/2019
U74999KA2018PTC116498,Form DPT-3-07012020-signed,07/01/2020
U72900KA2018PTC116493,No data,No data
U74999KA2018PTC116491,No data,No data
U31909KA2018PTC116492,No data,No data
U74999KA2018PTC116494,No data,No data
U74999KA2018PTC116496,Form INC-22-27022019_signed,27/02/2019
U74999KA2018PTC116496,Form INC-22-31052019_signed,31/05/2019
U74999KA2018PTC116496,Form DPT-3-25062019,25/06/2019
U74999KA2018PTC116496,Form MGT-14-05082019-signed,05/08/2019
U74999KA2018PTC116496,Form ADT-1-09102019_signed,09/10/2019
U74999KA2018PTC116496,Form DPT-3-07112019-signed,07/11/2019
U74999KA2018PTC116496,Form PAS-3-07122019_signed,07/12/2019
U74999KA2018PTC116496,Form MGT-14-24122019-signed,24/12/2019
U51909KA2018PTC116497,No data,No data
U74999KA2018PTC116589,Form DPT-3-30062019,30/06/2019
U74999KA2018PTC116589,Form DPT-3-30062019,30/06/2019
U74999KA2018PTC116589,Form ADT-1-19112019_signed,19/11/2019
U15209KA2018PTC116516,No data,No data
U15100KA2018PTC116499,Form ADT-1-13012020_signed,13/01/2020
U51909KA2018PTC116500,Form DPT-3-24072019,24/07/2019
U51909KA2018PTC116507,No data,No data
U63090KA2018PTC116517,No data,No data
U74999KA2018PTC116501,Form ADT-1-16122019_signed,16/12/2019
U63030KA2018PTC116502,No data,No data
U74999KA2018PTC116503,No data,No data
U72900KA2018FTC116504,Form DPT-3-27112019-signed,27/11/2019
U35999KA2018PTC116505,Form MGT-14-19092019-signed,19/09/2019
U15133KA2018PTC116506,No data,No data
U93090KA2018PTC116508,Form DPT-3-30062019,30/06/2019
U15132KA2018PTC116509,Form SH-7-26022019-signed,26/02/2019
U15132KA2018PTC116509,Form PAS-3-03052019_signed,03/05/2019
U72900KA2018FTC116510,No data,No data
U72501KA2018PTC116511,No data,No data
U74999KA2018PTC116512,Form DPT-3-25062019,25/06/2019
U74999KA2018PTC116512,Form DPT-3-06112019-signed,06/11/2019
U74999KA2018PTC116512,Form ADT-1-06122019_signed,06/12/2019
U74999KA2018FTC116513,Form MGT-6-30012019_signed,30/01/2019
U74999KA2018FTC116513,Form BEN - 2-10092019_signed,10/09/2019
U15100KA2018PTC116514,Form INC-22-07062019_signed,07/06/2019
U63030KA2018PTC116515,No data,No data
U74999KA2018PTC116520,No data,No data
U52500KA2018OPC116522,No data,No data
U15135KA2018PTC116518,Form PAS-3-18032019_signed,18/03/2019
U15135KA2018PTC116518,Form PAS-3-30032019_signed,30/03/2019
U15135KA2018PTC116518,Form PAS-3-29082019_signed,29/08/2019
U15135KA2018PTC116518,Form SH-7-04092019-signed,04/09/2019
U15135KA2018PTC116518,Form PAS-3-23092019_signed,23/09/2019
U70200KA2018PTC116519,No data,No data
U32100KA2018PTC116521,Form MGT-6-23092019_signed,23/09/2019
U74999KA2018PTC116538,Form ADT-1-28102019_signed,28/10/2019
U52590KA2018PTC116537,No data,No data
U92419KA2018PTC116523,Form INC-22-01052019_signed,01/05/2019
U74999KA2018PTC116524,No data,No data
U55209KA2018PTC116525,No data,No data
U74999KA2018PTC116526,No data,No data
U80902KA2018PTC116527,Form ADT-1-11112019_signed,11/11/2019
U01110KA2018PTC116528,Form INC-22-16082019_signed,16/08/2019
U01110KA2018PTC116528,Form ADT-1-07122019_signed,07/12/2019
U70109KA2018PTC116529,Form DPT-3-08072019,08/07/2019
U70109KA2018PTC116529,Form ADT-1-02122019_signed,02/12/2019
U51909KA2018PTC116530,No data,No data
U45201KA2018PTC116531,No data,No data
U92412KA2018PTC116532,No data,No data
U72900KA2018PTC116533,Form MGT-14-15102019_signed,15/10/2019
U72900KA2018PTC116533,Form PAS-3-17112019_signed,17/11/2019
U80904KA2018PTC116534,No data,No data
U72900KA2018PTC116535,No data,No data
U28999KA2018PTC116536,Form PAS-3-01072019_signed,01/07/2019
U28999KA2018PTC116536,Form MGT-14-16082019_signed,16/08/2019
U28999KA2018PTC116536,Form SH-7-20082019-signed,20/08/2019
U28999KA2018PTC116536,Form PAS-3-21082019_signed,21/08/2019
U28999KA2018PTC116536,Form ADT-1-13122019_signed,13/12/2019
U28999KA2018PTC116536,Form INC-22-17122019_signed,17/12/2019
U74999KA2018PTC116539,Form INC-22-19032019_signed,19/03/2019
U74999KA2018PTC116539,Form ADT-1-21032019_signed,21/03/2019
U74999KA2018PTC116539,Form MGT-14-06072019-signed,06/07/2019
U74999KA2018PTC116539,Form ADT-1-14102019_signed,14/10/2019
U74999KA2018PTC116540,Form ADT-1-12102019_signed,12/10/2019
U74999KA2018PTC116541,Form INC-22-02032019_signed,02/03/2019
U74999KA2018PTC116541,Form ADT-1-18122019_signed,18/12/2019
U24302KA2018PTC116542,Form DPT-3-07112019-signed,07/11/2019
U24302KA2018PTC116542,Form ADT-1-19112019_signed,19/11/2019
U51909KA2018OPC116543,Form ADT-1-01102019_signed,01/10/2019
U72200KA2018PTC116544,No data,No data
U29305KA2018PTC116545,No data,No data
U55205KA2018PTC116546,Form DPT-3-30062019,30/06/2019
U72900KA2018PTC116547,Form DPT-3-29102019,29/10/2019
U72900KA2018PTC116547,Form DPT-3-29102019,29/10/2019
U72900KA2018PTC116547,Form ADT-1-24112019_signed,24/11/2019
U72900KA2018PTC116547,Form INC-22-25122019_signed,25/12/2019
U40106KA2018PTC116548,Form ADT-1-04102019_signed,04/10/2019
U40300KA2018PTC116549,No data,No data
U74999KA2018PTC116550,Form ADT-1-27112019_signed,27/11/2019
U72901KA2018PTC116551,No data,No data
U52300KA2018PTC116552,Form ADT-1-28092019_signed,28/09/2019
U27100KA2018PTC116553,No data,No data
U15549KA2018PTC116554,No data,No data
U70200KA2018PTC116555,No data,No data
U45400KA2018PTC116557,Form INC-22-20042019_signed,20/04/2019
U65990KA2018PTC116558,Form ADT-1-30112019_signed,30/11/2019
U65990KA2018PTC116558,Form ADT-1-15122019_signed,15/12/2019
U72900KA2018PTC116559,Form INC-22-02012019_signed,02/01/2019
U72900KA2018PTC116559,Form DPT-3-09072019,09/07/2019
U72900KA2018PTC116559,Form ADT-1-22112019_signed,22/11/2019
U45309KA2018PTC116560,Form INC-22-12092019_signed,12/09/2019
U72501KA2018PTC116561,No data,No data
U74999KA2018PTC116562,No data,No data
U74999KA2018PTC116563,Form INC-22-18092019_signed,18/09/2019
U74999KA2018PTC116563,Form ADT-1-19092019_signed,19/09/2019
U74999KA2018PTC116564,Form ADT-1-28112019_signed,28/11/2019
U52609KA2018PTC116565,No data,No data
U51909KA2018PTC116566,No data,No data
U52190KA2018PTC116567,Form ADT-1-24092019_signed,24/09/2019
U52190KA2018PTC116567,Form ADT-1-14102019_signed,14/10/2019
U74999KA2018PTC116568,No data,No data
U74999KA2018PTC116569,No data,No data
U72900KA2018PTC116570,Form DPT-3-05072019,05/07/2019
U72900KA2018PTC116570,Form ADT-1-24122019_signed,24/12/2019
U72200KA2018OPC116571,Form ADT-1-28112019_signed,28/11/2019
U72900KA2018PTC116573,Form DPT-3-29062019,29/06/2019
U72900KA2018PTC116573,Form DPT-3-29062019,29/06/2019
U74999KA2018PTC116574,No data,No data
U45201KA2018PTC116575,Form ADT-1-04122019_signed,04/12/2019
U74999KA2018PTC116576,Form INC-22-03052019_signed,03/05/2019
U74999KA2018PTC116576,Form DPT-3-30062019,30/06/2019
U74999KA2018PTC116576,Form DPT-3-27072019,27/07/2019
U74999KA2018PTC116576,Form ADT-1-31102019_signed,31/10/2019
U51909KA2018PTC116577,Form PAS-3-02012019_signed,02/01/2019
U51909KA2018PTC116577,Form MGT-14-18012019-signed,18/01/2019
U51909KA2018PTC116577,Form DPT-3-24062019-signed,24/06/2019
U51909KA2018PTC116577,Form ADT-1-10102019_signed,10/10/2019
U70109KA2018OPC116578,Form ADT-1-05122019_signed,05/12/2019
U80900KA2018PTC116582,Form ADT-1-10102019_signed,10/10/2019
U52609KA2018PTC116581,Form DPT-3-27062019,27/06/2019
U52609KA2018PTC116581,Form DPT-3-27062019,27/06/2019
U74999KA2018PTC116579,Form ADT-1-03102019_signed,03/10/2019
U74999KA2018PTC116580,No data,No data
U29309KA2018PTC116583,No data,No data
U18209KA2018PTC116584,No data,No data
U74999KA2018PTC116586,Form INC-22-22052019_signed,22/05/2019
U74999KA2018PTC116586,Form ADT-1-15102019_signed,15/10/2019
U74999KA2018PTC116585,Form PAS-3-04022019_signed,04/02/2019
U74999KA2018PTC116585,Form SH-7-04022019-signed,04/02/2019
U74999KA2018PTC116585,Form SH-7-16042019-signed,16/04/2019
U74999KA2018PTC116585,Form PAS-3-20042019_signed,20/04/2019
U74999KA2018PTC116585,Form INC-22-20062019_signed,20/06/2019
U74999KA2018PTC116585,Form DPT-3-26072019,26/07/2019
U74999KA2018PTC116585,Form DPT-3-26072019,26/07/2019
U74999KA2018PTC116585,Form ADT-1-17112019_signed,17/11/2019
U22300KA2018PTC116591,Form ADT-1-20112019_signed,20/11/2019
U72900KA2018PTC116587,Form ADT-1-23102019_signed,23/10/2019
U74999KA2018PTC116590,No data,No data
U01100KA2018PTC116588,No data,No data
U21000KA2018PTC116592,No data,No data
U73100KA2018PTC116593,Form ADT-1-26102019_signed,26/10/2019
U72900KA2018PTC116595,No data,No data
U74999KA2018PTC116594,Form ADT-1-12122019_signed,12/12/2019
U74999KA2018PTC116594,Form INC-22-28122019_signed,28/12/2019
U31909KA2018PTC116596,No data,No data
U74999KA2018PTC116597,No data,No data
U93020KA2018PTC116598,Form ADT-1-13082019_signed,13/08/2019
U93020KA2018PTC116598,Form INC-22-13082019_signed,13/08/2019
U93020KA2018PTC116598,Form DPT-3-13082019,13/08/2019
U72500KA2018PTC116599,Form ADT-1-19102019_signed,19/10/2019
U93090KA2018PTC116601,Form INC-22-14012019-signed,14/01/2019
U93090KA2018PTC116601,Form ADT-1-15052019_signed,15/05/2019
U93090KA2018PTC116601,Form DPT-3-03012020-signed,03/01/2020
U52392KA2018PTC116603,No data,No data
U74990KA2018PTC116600,No data,No data
U51909KA2018PTC116602,No data,No data
U91900KA2018NPL116610,Form INC-22-07022019_signed,07/02/2019
U91900KA2018NPL116610,Form MGT-14-22062019-signed,22/06/2019
U74999KA2018PTC116613,Form INC-22-25022019_signed,25/02/2019
U74999KA2018PTC116613,Form ADT-1-19102019_signed,19/10/2019
U72900KA2018PTC116605,Form ADT-1-10112019_signed,10/11/2019
U74999KA2018PTC116606,Form DPT-3-29062019,29/06/2019
U74999KA2018PTC116606,Form DPT-3-27112019-signed,27/11/2019
U74999KA2018PTC116606,Form ADT-1-28122019_signed,28/12/2019
U70109KA2018PTC116604,No data,No data
U80904KA2018PTC116608,No data,No data
U63030KA2018PTC116607,No data,No data
U72900KA2018PTC116609,No data,No data
U50400KA2018PTC116611,Form SH-7-22062019-signed,22/06/2019
U50400KA2018PTC116611,Form PAS-3-27062019_signed,27/06/2019
U50400KA2018PTC116611,Form MGT-14-03072019-signed,03/07/2019
U50400KA2018PTC116611,Form ADT-1-14102019_signed,14/10/2019
U73200KA2018NPL116617,Form ADT-1-30012019_signed,30/01/2019
U73200KA2018NPL116617,Form ADT-1-15102019_signed,15/10/2019
U50400KA2018PTC116618,No data,No data
U93000KA2018PTC116612,Form ADT-1-26092019_signed,26/09/2019
U52100KA2018PTC116614,Form INC-22-02052019_signed,02/05/2019
U52100KA2018PTC116614,Form DPT-3-30062019,02/07/2019
U52100KA2018PTC116614,Form DPT-3-30062019,30/06/2019
U55209KA2018PTC116616,Form MGT-14-21052019-signed,21/05/2019
U74999KA2018PTC116615,Form INC-22-20022019_signed,20/02/2019
U74999KA2018PTC116615,Form INC-22-20022019_signed,20/02/2019
U74999KA2018PTC116615,Form INC-22-07032019_signed,07/03/2019
U93090KA2018OPC116620,Form ADT-1-13122019_signed,13/12/2019
U45309KA2018PTC116619,Form INC-22-17042019_signed,17/04/2019
U74999KA2018PTC116621,No data,No data
U72900KA2018PTC116622,Form INC-22-03092019_signed,03/09/2019
U72900KA2018PTC116622,Form ADT-1-21102019_signed,21/10/2019
U74999KA2018PTC116624,Form ADT-1-31122019_signed,31/12/2019
U34300KA2018PTC116623,No data,No data
U74999KA2018PTC116625,Form ADT-1-16112019_signed,16/11/2019
U72501KA2018OPC116626,No data,No data
U72900KA2018PTC116629,No data,No data
U72200KA2018PTC116628,No data,No data
U74999KA2018OPC116627,Form ADT-1-10102019_signed,10/10/2019
U72500KA2018PTC116630,No data,No data
U93090KA2018PTC116631,Form ADT-1-23092019_signed,23/09/2019
U72900KA2018PTC116637,No data,No data
U73200KA2018PTC116635,Form ADT-1-14102019_signed,14/10/2019
U01100KA2018PTC116632,No data,No data
U74999KA2018PTC116633,Form ADT-1-02122019_signed,02/12/2019
U74999KA2018PTC116633,Form INC-22-19122019_signed,19/12/2019
U72900KA2018PTC116634,No data,No data
U74999KA2018PTC116636,Form DPT-3-26062019,26/06/2019
U18109KA2018PTC116638,No data,No data
U80901KA2018PTC116639,No data,No data
U74999KA2018PTC116640,No data,No data
U55209KA2018PTC116641,No data,No data
U72200KA2018PTC116642,Form ADT-1-16112019_signed,16/11/2019
U80301KA2018PTC116643,No data,No data
U15549KA2018PTC116646,No data,No data
U72200KA2018PTC116645,No data,No data
U15127KA2018PTC116644,No data,No data
U74999KA2018PTC116647,No data,No data
U45202KA2018PTC116648,No data,No data
U74999KA2018PTC116649,No data,No data
U01135KA2018OPC116651,No data,No data
U74999KA2018PTC116650,No data,No data
U72501KA2018PTC116657,No data,No data
U72900KA2018PTC116652,No data,No data
U74999KA2018PTC116653,No data,No data
U74999KA2018PTC116654,No data,No data
U45309KA2018PTC116658,Form ADT-1-12112019_signed,12/11/2019
U90000KA2018PTC116655,No data,No data
U85200KA2018PTC116656,Form DPT-3-05082019,05/08/2019
U85200KA2018PTC116656,Form BEN - 2-08082019_signed,08/08/2019
U85200KA2018PTC116656,Form MGT-14-26082019_signed,26/08/2019
U85200KA2018PTC116656,Form SH-7-04092019-signed,04/09/2019
U85200KA2018PTC116656,Form SH-7-18092019-signed,18/09/2019
U85200KA2018PTC116656,Form MGT-14-03102019_signed,03/10/2019
U85200KA2018PTC116656,Form PAS-3-07122019_signed,07/12/2019
U74999KA2018PTC116660,Form MGT-14-11122019,11/12/2019
U74999KA2018PTC116660,Form INC-22-11122019,11/12/2019
U74999KA2018PTC116659,No data,No data
U63030KA2018PTC116663,No data,No data
U74999KA2018PTC116661,Form DPT-3-27062019,27/06/2019
U74999KA2018PTC116661,Form DPT-3-27062019,27/06/2019
U74999KA2018PTC116661,Form INC-22-14092019_signed,14/09/2019
U74999KA2018PTC116661,Form ADT-1-25112019_signed,25/11/2019
U74999KA2018FTC116662,Form SH-7-19032019-signed,19/03/2019
U74999KA2018FTC116662,Form PAS-3-29032019_signed,29/03/2019
U74999KA2018FTC116662,Form DPT-3-29062019,29/06/2019
U74999KA2018FTC116662,Form ADT-1-15102019_signed,15/10/2019
U72200KA2018PTC116665,No data,No data
U55209KA2018PTC116666,Form ADT-1-03012020_signed,03/01/2020
U93090KA2018PTC116664,Form ADT-1-14122019_signed,14/12/2019
U72900KA2018PTC116669,No data,No data
U37100KA2018PTC116675,No data,No data
U52609KA2018PTC116673,No data,No data
U15549KA2018PTC116670,No data,No data
U72900KA2018PTC116672,Form ADT-1-23122019_signed,23/12/2019
U74999KA2018PTC116667,Form ADT-1-12102019_signed,12/10/2019
U72900KA2018PTC116668,No data,No data
U24100KA2018PTC116671,Form DPT-3-04072019,04/07/2019
U24100KA2018PTC116671,Form DPT-3-04072019,04/07/2019
U74999KA2018PTC116674,Form ADT-1-24052019_signed,24/05/2019
U93000KA2018PTC116676,No data,No data
U74999KA2018PTC116677,Form INC-22-28022019_signed,28/02/2019
U74999KA2018PTC116678,No data,No data
U52602KA2018PTC116679,No data,No data
U74999KA2018PTC116680,Form PAS-3-02092019_signed,02/09/2019
U74999KA2018PTC116680,Form ADT-1-04102019_signed,04/10/2019
U74999KA2018PTC116680,Form DPT-3-04102019,04/10/2019
U74999KA2018PTC116681,Form DPT-3-30062019,30/06/2019
U74999KA2018PTC116681,Form DPT-3-30062019,30/06/2019
U74999KA2018PTC116681,Form ADT-1-04012020_signed,04/01/2020
U74999KA2018PTC116682,Form ADT-1-22112019_signed,22/11/2019
U51501KA2018PTC116683,Form ADT-1-24112019_signed,24/11/2019
U80904KA2018PTC116685,Form ADT-1-25102019_signed,25/10/2019
U80904KA2018PTC116685,Form ADT-1-25102019_signed,25/10/2019
U72900KA2018PTC116689,Form ADT-1-22062019_signed,22/06/2019
U92190KA2018PTC116692,No data,No data
U74999KA2018PTC116684,No data,No data
U31909KA2018PTC116686,Form INC-22-19122019_signed,19/12/2019
U31909KA2018PTC116686,Form ADT-1-19122019_signed,19/12/2019
U74999KA2018PTC116688,No data,No data
U74999KA2018PTC116687,Form PAS-3-16042019_signed,16/04/2019
U74999KA2018PTC116687,Form DPT-3-09072019,09/07/2019
U74999KA2018PTC116687,Form ADT-1-17112019_signed,17/11/2019
U20200KA2018PTC116690,Form INC-22-15122019_signed,15/12/2019
U74999KA2018PTC116691,No data,No data
U74999KA2018PTC116693,No data,No data
U45202KA2018OPC116694,No data,No data
U72900KA2018PTC116695,No data,No data
U85310KA2018PTC116696,No data,No data
U63030KA2018PTC116698,No data,No data
U74999KA2018PTC116697,No data,No data
U74999KA2018PTC116699,Form ADT-1-21122019_signed,21/12/2019
U74999KA2018PTC116700,No data,No data
U72200KA2018PTC116701,No data,No data
U72200KA2018PTC116702,No data,No data
U74999KA2018PTC116703,Form INC-22-28012019-signed,28/01/2019
U74999KA2018PTC116703,Form DPT-3-28062019,28/06/2019
U74999KA2018PTC116703,Form DPT-3-11112019-signed,11/11/2019
U74999KA2018PTC116704,No data,No data
U85320KA2018PTC116705,No data,No data
U72900KA2018PTC116707,Form MGT-14-23012019-signed,23/01/2019
U72900KA2018PTC116707,Form PAS-3-07022019_signed,07/02/2019
U72900KA2018PTC116707,Form MGT-14-12022019-signed,12/02/2019
U72900KA2018PTC116707,Form MSME FORM I-31052019_signed,31/05/2019
U72900KA2018PTC116707,Form INC-22-30082019_signed,30/08/2019
U72900KA2018PTC116707,Form ADT-1-09092019_signed,09/09/2019
U72900KA2018PTC116707,Form ADT-1-29102019_signed,29/10/2019
U72900KA2018PTC116707,Form MSME FORM I-30102019_signed,30/10/2019
U72900KA2018PTC116707,Form MGT-14-19112019_signed,19/11/2019
U72900KA2018PTC116707,Form SH-7-29112019-signed,29/11/2019
U72900KA2018PTC116707,Form MGT-14-02122019-signed,02/12/2019
U72900KA2018PTC116707,Form PAS-3-05122019_signed,05/12/2019
U72900KA2018PTC116707,Form MGT-14-20122019-signed,20/12/2019
U67100KA2018PTC116708,Form ADT-1-15082019_signed,15/08/2019
U01100KA2018PTC116709,Form INC-22-01032019,01/03/2019
U01100KA2018PTC116709,Form MGT-14-08082019-signed,08/08/2019
U01100KA2018PTC116709,Form SH-7-17102019-signed,17/10/2019
U45500KA2018PTC116706,Form DPT-3-30062019,30/06/2019
U45500KA2018PTC116706,Form INC-22-18102019_signed,18/10/2019
U45500KA2018PTC116706,Form DPT-3-05122019-signed,05/12/2019
U51909KA2018OPC116710,No data,No data
U80904KA2018PTC116718,Form INC-22-05032019_signed,05/03/2019
U80904KA2018PTC116718,Form ADT-1-25062019_signed,25/06/2019
U80904KA2018PTC116718,Form DPT-3-02072019,02/07/2019
U45500KA2018PTC116725,No data,No data
U74999KA2018PTC116715,No data,No data
U93090KA2018FTC116728,Form MGT-14-28032019_signed,28/03/2019
U93090KA2018FTC116728,Form INC-22-27092019_signed,27/09/2019
U72502KA2018PTC116711,Form ADT-1-30092019_signed,30/09/2019
U72502KA2018PTC116711,Form ADT-1-17102019_signed,17/10/2019
U72900KA2018OPC116712,No data,No data
U72900KA2018PTC116713,No data,No data
U72900KA2018OPC116714,No data,No data
U74999KA2018PTC116716,Form ADT-1-13102019_signed,13/10/2019
U74999KA2018OPC116717,Form ADT-1-11102019_signed,11/10/2019
U63030KA2018PTC116719,No data,No data
U01100KA2018PTC116720,Form ADT-1-22022019_signed,22/02/2019
U01100KA2018PTC116720,Form DPT-3-06112019-signed,06/11/2019
U74999KA2018PTC116721,Form ADT-1-24112019_signed,24/11/2019
U29100KA2018PTC116722,Form ADT-1-17102019_signed,17/10/2019
U52100KA2018PTC116723,Form ADT-1-23112019_signed,23/11/2019
U36100KA2018PTC116724,Form DPT-3-30062019,30/06/2019
U36100KA2018PTC116724,Form DPT-3-30062019,30/06/2019
U70109KA2018PTC116726,No data,No data
U80900KA2018PTC116727,Form DPT-3-28062019,28/06/2019
U80900KA2018PTC116727,Form DPT-3-28062019,28/06/2019
U72211KA2018PTC116729,Form ADT-1-24072019_signed,24/07/2019
U72211KA2018PTC116729,Form ADT-1-28112019_signed,28/11/2019
U74990KA2018PTC116730,No data,No data
U29304KA2018PTC116731,Form MSME FORM I-17112019_signed,17/11/2019
U52609KA2018PTC116732,Form DPT-3-29072019,29/07/2019
U52609KA2018PTC116732,Form ADT-1-16102019_signed,16/10/2019
U74999KA2018PTC116733,No data,No data
U85320KA2018NPL116734,No data,No data
U15130KA2018PTC116735,No data,No data
U74999KA2018PTC116736,Form DPT-3-28062019,28/06/2019
U72900KA2018PTC116737,Form INC-22-20032019_signed,20/03/2019
U72900KA2018PTC116737,Form ADT-1-23112019_signed,23/11/2019
U74999KA2018PTC116738,No data,No data
U45201KA2018PTC116741,No data,No data
U74999KA2018PTC116740,Form DPT-3-30062019,30/06/2019
U74999KA2018PTC116740,Form DPT-3-30062019,30/06/2019
U15490KA2018PTC116742,No data,No data
U45309KA2018PTC116739,Form ADT-1-17102019_signed,17/10/2019
U93090KA2018PTC116743,Form ADT-1-07032019_signed,07/03/2019
U01110KA2018PTC116744,No data,No data
U74999KA2018PTC116745,Form ADT-1-08032019_signed,08/03/2019
U74999KA2018PTC116749,No data,No data
U93000KA2018PTC116750,Form ADT-1-14122019_signed,14/12/2019
U74999KA2018PTC116746,No data,No data
U74999KA2018PTC116747,No data,No data
U70109KA2018PTC116753,Form ADT-1-19012019_signed,19/01/2019
U70109KA2018PTC116753,Form MGT-14-23012019_signed,23/01/2019
U70109KA2018PTC116753,Form PAS-3-23012019_signed,23/01/2019
U70109KA2018PTC116753,Form PAS-3-01022019_signed,01/02/2019
U70109KA2018PTC116753,Form PAS-3-19022019_signed,19/02/2019
U70109KA2018PTC116753,Form PAS-3-27022019_signed,27/02/2019
U70109KA2018PTC116753,Form MGT-14-01032019-signed,01/03/2019
U70109KA2018PTC116753,Form BEN - 2-24072019_signed,24/07/2019
U70109KA2018PTC116753,Form ADT-1-24092019_signed,24/09/2019
U70109KA2018PTC116753,Form DPT-3-21112019-signed,21/11/2019
U74999KA2018PTC116748,Form ADT-1-17112019_signed,17/11/2019
U72900KA2018PTC116751,Form PAS-3-09012019_signed,09/01/2019
U72900KA2018PTC116751,Form PAS-3-26032019_signed,26/03/2019
U72900KA2018PTC116751,Form ADT-1-09102019_signed,09/10/2019
U74999KA2018PTC116752,No data,No data
U18109KA2018PTC116754,Form MGT-14-26022019_signed,26/02/2019
U18109KA2018PTC116754,Form INC-22-27022019_signed,27/02/2019
U18109KA2018PTC116754,Form DPT-3-01072019,01/07/2019
U18109KA2018PTC116754,Form DPT-3-01072019,01/07/2019
U18109KA2018PTC116754,Form ADT-1-07122019_signed,07/12/2019
U74999KA2018PTC116755,Form INC-22-07122019_signed,07/12/2019
U74999KA2018PTC116755,Form ADT-1-28122019_signed,28/12/2019
U17299KA2018PTC116756,No data,No data
U60300KA2018PTC116757,No data,No data
U74999KA2018PTC116758,Form INC-22-19012019-signed,19/01/2019
U52609KA2018OPC116759,No data,No data
U74999KA2018PTC116761,Form ADT-1-29112019_signed,29/11/2019
U72900KA2018PTC116762,Form ADT-1-07112019_signed,07/11/2019
U74999KA2018PTC116760,No data,No data
U65929KA2018PTC116763,No data,No data
U74999KA2018PTC116764,Form ADT-1-29112019_signed,29/11/2019
U52599KA2018PTC116765,Form DPT-3-05072019,05/07/2019
U52599KA2018PTC116765,Form SH-7-26072019-signed,26/07/2019
U52599KA2018PTC116765,Form PAS-3-11112019_signed,11/11/2019
U52599KA2018PTC116765,Form ADT-1-24112019_signed,24/11/2019
U80200KA2018PTC116767,Form ADT-1-28112019_signed,28/11/2019
U74999KA2018PTC116768,No data,No data
U15549KA2018PTC116766,No data,No data
U45309KA2018PTC116769,No data,No data
U90000KA2018PTC116770,Form MGT-14-19042019_signed,19/04/2019
U90000KA2018PTC116770,Form DPT-3-13112019-signed,13/11/2019
U90000KA2018PTC116770,Form MGT-14-20112019_signed,20/11/2019
U90000KA2018PTC116770,Form ADT-1-17122019_signed,17/12/2019
U72500KA2018OPC116775,Form DPT-3-29062019,29/06/2019
U72500KA2018OPC116775,Form DPT-3-29112019-signed,29/11/2019
U74999KA2018PTC116773,No data,No data
U74999KA2018PTC116772,No data,No data
U74999KA2018PTC116771,No data,No data
U74999KA2018PTC116774,Form INC-22-20062019_signed,20/06/2019
U74999KA2018PTC116774,Form ADT-1-12112019_signed,12/11/2019
U74999KA2018PTC116776,Form INC-22-15032019_signed,15/03/2019
U72900KA2018OPC116777,No data,No data
U45309KA2018PTC116778,No data,No data
U74999KA2018PTC116779,No data,No data
U74999KA2018PTC116781,Form INC-22-02072019_signed,02/07/2019
U72900KA2018FTC116780,No data,No data
U01100KA2018NPL116782,Form MGT-14-19062019-signed,19/06/2019
U31908KA2018PTC116783,Form DPT-3-05082019,05/08/2019
U31908KA2018PTC116783,Form DPT-3-05082019,05/08/2019
U31908KA2018PTC116783,Form ADT-1-11102019_signed,11/10/2019
U31908KA2018PTC116783,Form ADT-1-14102019_signed,14/10/2019
U72900KA2018OPC116784,No data,No data
U74999KA2018PTC116785,No data,No data
U01114KA2018PTC116786,No data,No data
U31900KA2018PTC116787,Form ADT-1-15102019_signed,15/10/2019
U74999KA2018PTC116788,No data,No data
U65999KA2018PTC116789,Form ADT-1-16112019_signed,16/11/2019
U52390KA2018PTC116790,No data,No data
U72900KA2018PTC116791,Form DPT-3-14012020-signed,14/01/2020
U74999KA2018PTC116792,Form ADT-1-27112019_signed,27/11/2019
U74999KA2018PTC116797,No data,No data
U74999KA2018OPC116794,Form ADT-1-31102019_signed,31/10/2019
U74999KA2018PTC116796,Form INC-22-25032019_signed,25/03/2019
U74999KA2018PTC116796,Form DPT-3-28062019,28/06/2019
U74999KA2018PTC116796,Form DPT-3-07112019-signed,07/11/2019
U74999KA2018PTC116796,Form ADT-1-08122019_signed,08/12/2019
U72501KA2018PTC116793,No data,No data
U74999KA2018PTC116795,No data,No data
U72900KA2018OPC116798,No data,No data
U01100KA2018PTC116802,No data,No data
U74996KA2018PTC116799,Form ADT-1-04112019_signed,04/11/2019
U51909KA2018PTC116800,No data,No data
U74999KA2018PTC116801,Form ADT-1-09072019_signed,09/07/2019
U74990KA2018PTC116803,No data,No data
U63090KA2018PTC116804,No data,No data
U28138KA2018PTC116805,No data,No data
U29110KA2018PLC116806,Form ADT-1-08012019_signed,08/01/2019
U29110KA2018PLC116806,Form ADT-3-19092019_signed,19/09/2019
U29110KA2018PLC116806,Form ADT-1-20102019_signed,20/10/2019
U74999KA2018PTC116807,No data,No data
U74999KA2018OPC116808,No data,No data
U72900KA2018PTC116811,No data,No data
U93090KA2018PTC116809,No data,No data
U74999KA2018PTC116810,No data,No data
U72200KA2018PTC116812,Form ADT-1-03032019_signed,03/03/2019
U72200KA2018PTC116812,Form DPT-3-28062019,28/06/2019
U72200KA2018PTC116812,Form ADT-1-04102019_signed,04/10/2019
U72200KA2018PTC116812,Form DPT-3-11112019-signed,11/11/2019
U72900KA2018PTC116813,Form ADT-1-13082019_signed,13/08/2019
U65929KA2018PLC116815,Form MR-1-25032019_signed,25/03/2019
U65929KA2018PLC116815,Form MR-1-25032019_signed,25/03/2019
U65929KA2018PLC116815,Form MGT-14-25032019-signed,25/03/2019
U65929KA2018PLC116815,Form SH-7-26032019-signed,26/03/2019
U65929KA2018PLC116815,Form PAS-3-30032019_signed,30/03/2019
U65929KA2018PLC116815,Form GNL-2-10052019-signed,10/05/2019
U65929KA2018PLC116815,Form MGT-14-26062019-signed,26/06/2019
U65929KA2018PLC116815,Form MGT-14-27072019-signed,27/07/2019
U65929KA2018PLC116815,Form SH-7-01102019-signed,01/10/2019
U65929KA2018PLC116815,Form MGT-14-11102019-signed,11/10/2019
U65929KA2018PLC116815,Form DPT-3-18112019-signed,18/11/2019
U74999KA2018PTC116817,Form ADT-1-26092019_signed,26/09/2019
U74999KA2018PTC116817,Form ADT-1-13102019_signed,13/10/2019
U74999KA2018PTC116814,Form ADT-1-07112019_signed,07/11/2019
U72200KA2018PTC116816,No data,No data
U45400KA2018PTC116818,No data,No data
U70100KA2018PTC116820,Form INC-22-02022019_signed,02/02/2019
U74999KA2018PTC116819,Form INC-22-26092019_signed,26/09/2019
U29308KA2018PTC116823,Form PAS-3-09032019_signed,09/03/2019
U29308KA2018PTC116823,Form PAS-3-27032019_signed,27/03/2019
U29308KA2018PTC116823,Form ADT-1-11072019_signed,11/07/2019
U29308KA2018PTC116823,Form BEN - 2-25072019_signed,25/07/2019
U29308KA2018PTC116823,Form SH-7-09102019-signed,09/10/2019
U29308KA2018PTC116823,Form MSME FORM I-17112019_signed,17/11/2019
U73100KA2018PTC116821,No data,No data
U52609KA2018PTC116822,Form DPT-3-17072019-signed,17/07/2019
U52609KA2018PTC116822,Form DPT-3-17072019-signed,17/07/2019
U52609KA2018PTC116822,Form ADT-1-24092019_signed,24/09/2019
U74999KA2018PTC116826,No data,No data
U80302KA2018OPC116824,No data,No data
U19100KA2018PTC116825,Form MGT-14-11012019_signed,11/01/2019
U19100KA2018PTC116825,Form ADT-1-14102019_signed,14/10/2019
U74999KA2018PTC116827,No data,No data
U74999KA2018PTC116832,Form INC-22-13052019_signed,13/05/2019
U74999KA2018PTC116833,No data,No data
U74999KA2018NPL116828,No data,No data
U45101KA2018PTC116829,No data,No data
U93090KA2018PTC116830,No data,No data
U93000KA2018PTC116831,No data,No data
U93090KA2018PTC116836,Form ADT-1-13102019_signed,13/10/2019
U45500KA2018PTC116834,No data,No data
U74999KA2018PTC116835,Form ADT-1-15122019_signed,15/12/2019
U15490KA2018PTC116845,Form INC-22-26032019_signed,26/03/2019
U74999KA2018PTC116847,Form ADT-1-24112019_signed,24/11/2019
U70100KA2018PTC116837,No data,No data
U72200KA2018PTC116838,No data,No data
U45309KA2018PTC116839,No data,No data
U29200KA2018PTC116841,No data,No data
U52609KA2018PTC116844,Form DPT-3-29062019,29/06/2019
U52609KA2018PTC116844,Form ADT-3-03082019_signed,03/08/2019
U52609KA2018PTC116844,Form MGT-14-12082019_signed,12/08/2019
U52609KA2018PTC116844,Form ADT-1-22082019_signed,22/08/2019
U70200KA2018PTC116840,Form DPT-3-29062019,29/06/2019
U70200KA2018PTC116840,Form DPT-3-01072019,01/07/2019
U70200KA2018PTC116840,Form ADT-1-17122019_signed,17/12/2019
U52609KA2018PTC116842,Form DPT-3-30062019,03/07/2019
U52609KA2018PTC116842,Form DPT-3-30062019,30/06/2019
U01110KA2018PTC116848,Form ADT-1-19122019_signed,19/12/2019
U74999KA2018PTC116843,No data,No data
U74999KA2018PTC116846,No data,No data
U72900KA2018PTC116849,Form DPT-3-30062019,30/06/2019
U72900KA2018PTC116849,Form DPT-3-25112019-signed,25/11/2019
U74999KA2018PTC116850,No data,No data
U72200KA2018PTC116851,No data,No data
U45309KA2018OPC116854,No data,No data
U74999KA2018PTC116855,No data,No data
U93020KA2018OPC116852,No data,No data
U74999KA2018PTC116853,Form ADT-1-23112019_signed,23/11/2019
U18209KA2018PTC116858,No data,No data
U74999KA2018PTC116856,No data,No data
U74999KA2018OPC116857,No data,No data
U72200KA2018PTC116859,Form ADT-1-29102019_signed,29/10/2019
U60300KA2018PTC116860,No data,No data
U74999KA2018PTC116861,No data,No data
U74999KA2018PTC116862,Form DPT-3-26062019-signed,26/06/2019
U74999KA2018PTC116862,Form ADT-1-09072019_signed,09/07/2019
U74999KA2018PTC116864,Form INC-22-19022019_signed,19/02/2019
U74999KA2018PTC116864,Form BEN - 2-05012020_signed,05/01/2020
U25209KA2018PTC116866,No data,No data
U72501KA2018PTC116863,No data,No data
U72900KA2018PTC116865,No data,No data
U51909KA2018PTC116869,Form DPT-3-30062019,30/06/2019
U51909KA2018PTC116869,Form ADT-1-12122019_signed,12/12/2019
U72501KA2018PTC116867,No data,No data
U74999KA2018PTC116868,No data,No data
U74999KA2018PTC116875,No data,No data
U72200KA2018PTC116870,No data,No data
U74999KA2018OPC116871,Form ADT-1-24092019_signed,24/09/2019
U63090KA2018PTC116872,No data,No data
U70109KA2018PTC116873,No data,No data
U72900KA2018PTC116874,Form DPT-3-05072019,05/07/2019
U72900KA2018PTC116874,Form DPT-3-22012020-signed,22/01/2020
U45309KA2018PTC116876,No data,No data
U15549KA2018PTC116877,Form ADT-1-11102019_signed,11/10/2019
U72900KA2018PTC116878,Form MGT-14-08122019_signed,08/12/2019
U72900KA2018PTC116878,Form ADT-1-05012020_signed,05/01/2020
U72900KA2018PTC116880,No data,No data
U74999KA2018PTC116879,No data,No data
U51909KA2018PTC116881,No data,No data
U17299KA2018PTC116882,No data,No data
U45201KA2018OPC116883,No data,No data
U74999KA2018PTC116884,No data,No data
U74999KA2018PTC116885,Form INC-22-24012019-signed,24/01/2019
U74999KA2018PTC116885,Form MGT-14-26012019_signed,26/01/2019
U74999KA2018PTC116885,Form SH-7-04022019-signed,04/02/2019
U74999KA2018PTC116885,Form MGT-14-19022019_signed,19/02/2019
U74999KA2018PTC116885,Form PAS-3-11032019_signed,11/03/2019
U74999KA2018PTC116885,Form PAS-3-04072019_signed,04/07/2019
U74999KA2018PTC116885,Form ADT-1-28112019_signed,28/11/2019
U74999KA2018PTC116885,Form INC-22-21122019_signed,21/12/2019
U51909KA2018PTC116887,Form INC-22-19012019_signed,19/01/2019
U51909KA2018PTC116887,Form DPT-3-26062019-signed,26/06/2019
U51909KA2018PTC116887,Form ADT-1-10102019_signed,10/10/2019
U72900KA2018OPC116886,No data,No data
U45500KA2018OPC116888,Form DPT-3-28062019,28/06/2019
U45500KA2018OPC116888,Form DPT-3-28062019,28/06/2019
U45500KA2018OPC116888,Form ADT-1-16102019_signed,16/10/2019
U72900KA2018PTC116889,No data,No data
U72900KA2018PTC116892,No data,No data
U74999KA2018PTC116893,Form DPT-3-20062019,20/06/2019
U74999KA2018PTC116893,Form DPT-3-05112019-signed,05/11/2019
U74999KA2018PTC116890,Form INC-22-13042019_signed,13/04/2019
U36999KA2018PTC116891,No data,No data
U74999KA2018PTC116894,Form ADT-1-23112019_signed,23/11/2019
U93090KA2018PTC116899,No data,No data
U70100KA2018PTC116895,Form INC-22-17012019_signed,17/01/2019
U70100KA2018PTC116895,Form ADT-1-07082019_signed,07/08/2019
U70100KA2018PTC116895,Form BEN - 2-13082019_signed,13/08/2019
U70100KA2018PTC116895,Form ADT-1-16102019_signed,16/10/2019
U72900KA2018FTC116896,Form INC-22-07062019_signed,07/06/2019
U72900KA2018FTC116896,Form SH-7-18122019-signed,18/12/2019
U72900KA2018FTC116896,Form ADT-1-04012020_signed,04/01/2020
U74999KA2018PTC116897,Form DPT-3-27092019,27/09/2019
U74999KA2018PTC116897,Form ADT-1-01102019_signed,01/10/2019
U74999KA2018PTC116898,No data,No data
U72900KA2018PTC116900,Form ADT-1-04122019_signed,04/12/2019
U74995KA2018PTC116901,No data,No data
U70109KA2018PTC116903,Form DPT-3-28062019,28/06/2019
U70109KA2018PTC116903,Form DPT-3-28062019,28/06/2019
U70109KA2018PTC116903,Form ADT-1-15102019_signed,15/10/2019
U92400KA2018PTC116902,No data,No data
U74999KA2018PTC116904,No data,No data
U52599KA2018PTC116905,Form INC-22-22022019,22/02/2019
U72200KA2018PTC116906,No data,No data
U15549KA2018PTC116907,Form DPT-3-27072019,27/07/2019
U15549KA2018PTC116907,Form ADT-1-29122019_signed,29/12/2019
U45500KA2018PTC116909,No data,No data
U73100KA2018PTC116908,No data,No data
U45500KA2018PTC116910,No data,No data
U74999KA2018PTC116911,No data,No data
U65990KA2018PLC116913,Form PAS-3-20052019_signed,20/05/2019
U65990KA2018PLC116913,Form PAS-3-20052019_signed,20/05/2019
U65990KA2018PLC116913,Form GNL-2-22062019-signed,22/06/2019
U65990KA2018PLC116913,Form GNL-2-18092019-signed,18/09/2019
U65990KA2018PLC116913,Form ADT-1-02102019_signed,02/10/2019
U65990KA2018PLC116913,Form PAS-3-23102019_signed,23/10/2019
U65990KA2018PLC116913,Form GNL-2-29112019-signed,29/11/2019
U74999KA2018OPC116914,No data,No data
U72501KA2018PTC116917,Form ADT-1-12102019_signed,12/10/2019
U72501KA2018PTC116917,Form INC-22-24102019_signed,24/10/2019
U72900KA2018PTC116915,No data,No data
U63090KA2018PTC116918,No data,No data
U74999KA2018PTC116912,No data,No data
U72900KA2018PTC116921,Form SH-7-13022019-signed,13/02/2019
U72900KA2018PTC116921,Form PAS-3-20032019_signed,20/03/2019
U72900KA2018PTC116921,Form SH-7-20032019-signed,20/03/2019
U72900KA2018PTC116921,Form MGT-14-21032019-signed,21/03/2019
U72900KA2018PTC116921,Form MGT-14-12042019-signed,12/04/2019
U72900KA2018PTC116921,Form INC-22-05062019_signed,05/06/2019
U72900KA2018PTC116921,Form DPT-3-27062019,27/06/2019
U72900KA2018PTC116921,Form AOC-5-02072019-signed,02/07/2019
U72900KA2018PTC116921,Form ADT-1-06092019_signed,06/09/2019
U72900KA2018PTC116921,Form DPT-3-11112019-signed,11/11/2019
U70109KA2018PTC116916,No data,No data
U73100KA2018PTC116922,Form ADT-1-08012019_signed,08/01/2019
U73100KA2018PTC116922,Form DPT-3-30062019,30/06/2019
U73100KA2018PTC116922,Form ADT-1-29112019_signed,29/11/2019
U73100KA2018PTC116922,Form DPT-3-01012020-signed,01/01/2020
U15490KA2018PTC116920,No data,No data
U74990KA2018PTC116919,No data,No data
U74999KA2018PTC116924,Form INC-22-16042019_signed,16/04/2019
U50400KA2018PTC116923,No data,No data
U50401KA2018PTC116926,No data,No data
U72900KA2018PTC116925,Form PAS-3-04012019_signed,04/01/2019
U74999KA2018PTC116929,No data,No data
U72900KA2018PTC116927,Form ADT-1-31122019_signed,31/12/2019
U72500KA2018PTC116928,Form MGT-14-19092019_signed,19/09/2019
U72500KA2018PTC116928,Form SH-7-25092019-signed,25/09/2019
U72500KA2018PTC116928,Form PAS-3-27092019_signed,27/09/2019
U72500KA2018PTC116928,Form PAS-3-19102019_signed,19/10/2019
U74999KA2018PTC116931,No data,No data
U72200KA2018PTC116930,No data,No data
U72900KA2018PTC116932,Form ADT-1-20122019_signed,20/12/2019
U31900KA2018FTC116935,Form MGT-14-26082019_signed,26/08/2019
U31900KA2018FTC116935,Form ADT-1-25092019_signed,25/09/2019
U31900KA2018FTC116935,Form DPT-3-21112019-signed,21/11/2019
U74999KA2018PTC116933,Form DPT-3-30062019,30/06/2019
U74999KA2018PTC116933,Form DPT-3-30062019,03/07/2019
U74999KA2018PTC116933,Form ADT-1-19122019_signed,19/12/2019
U74999KA2018PTC116934,Form DPT-3-01072019,01/07/2019
U01100KA2018PTC116936,No data,No data
U31909KA2018PTC116937,Form MGT-14-17072019-signed,17/07/2019
U31909KA2018PTC116937,Form BEN - 2-26072019_signed,26/07/2019
U31909KA2018PTC116937,Form ADT-1-12102019_signed,12/10/2019
U93000KA2018PTC116947,No data,No data
U62100KA2018PLC116938,No data,No data
U55209KA2018PTC116939,No data,No data
U74999KA2018PTC116940,No data,No data
U55209KA2018PTC116941,No data,No data
U74999KA2018PTC116942,Form ADT-1-07102019_signed,07/10/2019
U72900KA2018PTC116943,Form ADT-1-26022019_signed,26/02/2019
U72900KA2018PTC116945,No data,No data
U72900KA2018PTC116944,Form INC-22-06022019-signed,06/02/2019
U72900KA2018PTC116944,Form ADT-1-15102019_signed,15/10/2019
U74999KA2018PTC116946,Form ADT-1-14122019_signed,14/12/2019
U63040KA2018PTC116954,No data,No data
U85320KA2018NPL116948,No data,No data
U65990KA2018PTC116949,Form INC-22-21022019,21/02/2019
U74990KA2018PTC116951,No data,No data
U55101KA2018PTC116950,No data,No data
U80904KA2018PTC116957,No data,No data
U72900KA2018PTC116952,Form INC-22-05052019_signed,05/05/2019
U72900KA2018PTC116952,Form ADT-1-21122019_signed,21/12/2019
U74999KA2018PTC116953,Form ADT-1-23102019_signed,23/10/2019
U72900KA2018PTC116955,No data,No data
U51909KA2018PTC116956,No data,No data
U18109KA2018PTC116959,Form DPT-3-16112019-signed,16/11/2019
U18109KA2018PTC116959,Form ADT-1-09122019_signed,09/12/2019
U74999KA2018PTC116958,Form ADT-1-12122019_signed,12/12/2019
U85300KA2018NPL116960,Form ADT-1-28102019_signed,28/10/2019
U74999KA2018PTC116961,Form ADT-1-29112019_signed,29/11/2019
U31900KA2018PTC116971,No data,No data
U85100KA2018PTC116962,Form INC-22-16032019_signed,16/03/2019
U72900KA2018PTC116963,Form INC-22-19022019_signed,19/02/2019
U67190KA2018PTC116964,No data,No data
U72501KA2018PTC116965,No data,No data
U74990KA2018OPC116966,No data,No data
U74999KA2018PTC116967,Form ADT-1-10102019_signed,10/10/2019
U74999KA2018PTC116967,Form INC-22-28122019_signed,28/12/2019
U74999KA2018PTC116968,Form ADT-1-12122019_signed,12/12/2019
U74999KA2018PTC116969,No data,No data
U29309KA2018PTC116970,Form INC-22-21012019-signed,21/01/2019
U24304KA2018PTC116972,No data,No data
U70200KA2018PTC116973,Form INC-22-23102019_signed,23/10/2019
U70200KA2018PTC116973,Form ADT-1-19112019_signed,19/11/2019
U72900KA2018OPC116974,Form DPT-3-27072019,27/07/2019
U72900KA2018OPC116974,Form ADT-1-03102019_signed,03/10/2019
U72900KA2018OPC116974,Form ADT-3-12122019_signed,12/12/2019
U72900KA2018OPC116974,Form ADT-1-19122019_signed,19/12/2019
U15490KA2018PTC116975,No data,No data
U74999KA2018PTC116976,No data,No data
U74999KA2018PTC116977,No data,No data
U74999KA2018PTC116978,Form ADT-1-20112019_signed,20/11/2019
U65992KA2018PTC116979,Form ADT-1-04122019_signed,04/12/2019
U72900KA2018PTC116980,Form DPT-3-21102019,21/10/2019
U72900KA2018PTC116980,Form DPT-3-21102019,21/10/2019
U72900KA2018PTC116980,Form INC-22-17112019_signed,17/11/2019
U72900KA2018PTC116980,Form ADT-1-17112019_signed,17/11/2019
U74999KA2018PTC116981,Form ADT-1-11112019_signed,11/11/2019
U74999KA2018PTC116983,No data,No data
U72900KA2018PTC116984,Form DPT-3-03072019,03/07/2019
U72900KA2018PTC116984,Form ADT-1-12122019_signed,12/12/2019
U80302KA2018PTC116982,No data,No data
U01400KA2018PTC116985,Form INC-22-08012019_signed,08/01/2019
U01400KA2018PTC116985,Form MGT-14-08012019_signed,08/01/2019
U01400KA2018PTC116985,Form SH-7-09012019-signed,09/01/2019
U74999KA2018PTC116986,Form PAS-3-28082019_signed,28/08/2019
U74999KA2018PTC116986,Form PAS-3-12092019_signed,12/09/2019
U45201KA2018PTC116988,Form INC-22-18012019-signed,18/01/2019
U45201KA2018PTC116988,Form DPT-3-09012020-signed,09/01/2020
U74110KA2018PTC116987,Form ADT-1-06102019_signed,06/10/2019
U14100KA2018PTC116989,Form INC-22-04032019_signed,04/03/2019
U14100KA2018PTC116989,Form INC-22-28062019_signed,28/06/2019
U74999KA2018PTC117003,Form DPT-3-30062019,30/06/2019
U74999KA2018PTC117003,Form DPT-3-29082019,29/08/2019
U74999KA2018PTC117003,Form ADT-1-13122019_signed,13/12/2019
U74996KA2018PTC116990,Form INC-22-18072019_signed,18/07/2019
U74996KA2018PTC116990,Form ADT-1-23102019_signed,23/10/2019
U74996KA2018PTC116990,Form DPT-3-14012020-signed,14/01/2020
U31909KA2018PTC116992,No data,No data
U80904KA2018PTC116993,No data,No data
U15549KA2018PTC116991,No data,No data
U40100KA2018PTC116994,No data,No data
U72502KA2018PTC116995,Form ADT-1-14122019_signed,14/12/2019
U45500KA2018PTC116996,No data,No data
U74999KA2018PTC116997,No data,No data
U72900KA2018PTC116998,Form DPT-3-10072019,10/07/2019
U29100KA2018PTC117000,Form DPT-3-29062019,29/06/2019
U29100KA2018PTC117000,Form ADT-1-15102019_signed,15/10/2019
U29100KA2018PTC117000,Form DPT-3-04122019-signed,04/12/2019
U72900KA2018FTC116999,No data,No data
U70200KA2018PTC117001,Form INC-22-12032019_signed,12/03/2019
U45209KA2018PTC117002,Form INC-22-16052019_signed,16/05/2019
U01111KA2018PTC117006,No data,No data
U45500KA2018PTC117007,No data,No data
U74999KA2018OPC117011,No data,No data
U74999KA2018PTC117004,No data,No data
U40106KA2018PTC117005,No data,No data
U72900KA2018PTC117008,Form ADT-1-11122019_signed,11/12/2019
U72900KA2018PTC117008,Form INC-22-28122019_signed,28/12/2019
U74999KA2018PTC117009,No data,No data
U45201KA2018PTC117013,Form ADT-1-14102019_signed,14/10/2019
U45201KA2018PTC117013,Form MGT-14-21102019_signed,21/10/2019
U45201KA2018PTC117013,Form DPT-3-21102019,21/10/2019
U45201KA2018PTC117013,Form DPT-3-21102019,21/10/2019
U72200KA2018PTC117010,No data,No data
U74999KA2018PTC117012,No data,No data
U74994KA2018PTC117014,No data,No data
U74999KA2018PTC117015,Form ADT-1-20112019_signed,20/11/2019
U74999KA2018PTC117016,Form ADT-1-12062019_signed,12/06/2019
U74999KA2018PTC117016,Form DPT-3-24062019-signed,24/06/2019
U74999KA2018PTC117017,Form ADT-1-12122019_signed,12/12/2019
U74999KA2018PTC117018,Form ADT-1-12092019_signed,12/09/2019
U74999KA2018PTC117019,Form INC-22-21012019-signed,21/01/2019
U74999KA2018PTC117019,Form DPT-3-28062019,29/06/2019
U74999KA2018PTC117019,Form DPT-3-21112019-signed,21/11/2019
U72900KA2018PTC117027,Form ADT-1-23102019_signed,23/10/2019
U29253KA2018PTC117022,Form ADT-1-16112019_signed,16/11/2019
U72900KA2018PTC117020,Form ADT-1-27112019_signed,27/11/2019
U72900KA2018PTC117021,No data,No data
U74999KA2018PTC117024,No data,No data
U45500KA2018PTC117023,No data,No data
U65990KA2018PTC117025,Form MGT-6-03072019_signed,03/07/2019
U65990KA2018PTC117025,Form ADT-1-07092019_signed,07/09/2019
U65990KA2018PTC117025,Form MGT-14-11092019_signed,11/09/2019
U65990KA2018PTC117025,Form SH-7-18092019-signed,18/09/2019
U65990KA2018PTC117025,Form PAS-3-18092019_signed,18/09/2019
U65990KA2018PTC117025,Form SH-7-26092019-signed,26/09/2019
U65990KA2018PTC117025,Form PAS-3-07102019_signed,07/10/2019
U65990KA2018PTC117025,Form MGT-6-10102019_signed,10/10/2019
U65990KA2018PTC117025,Form MGT-14-21102019-signed,21/10/2019
U65990KA2018PTC117025,Form PAS-3-17112019_signed,17/11/2019
U65990KA2018PTC117025,Form PAS-3-20112019_signed,20/11/2019
U65990KA2018PTC117025,Form MGT-14-19112019_signed,19/11/2019
U74999KA2018PTC117026,Form INC-22-08032019_signed,08/03/2019
U29309KA2018PTC117028,No data,No data
U52609KA2018PTC117029,No data,No data
U15490KA2018PTC117030,No data,No data
U72501KA2018PTC117032,No data,No data
U15549KA2018PTC117031,Form ADT-1-17112019_signed,17/11/2019
U74999KA2018PTC117038,No data,No data
U72900KA2018PTC117033,No data,No data
U72900KA2018PTC117034,No data,No data
U72900KA2018PTC117035,No data,No data
U45309KA2018PTC117036,No data,No data
U45400KA2018PTC117037,No data,No data
U72200KA2018PTC117041,Form ADT-1-05092019_signed,05/09/2019
U72200KA2018PTC117041,Form DPT-3-05092019,05/09/2019
U72200KA2018PTC117041,Form DPT-3-05092019,05/09/2019
U72900KA2018PTC117039,Form ADT-1-16122019_signed,16/12/2019
U72900KA2018FTC117044,Form BEN - 2-06092019_signed,06/09/2019
U72900KA2018FTC117044,Form ADT-1-22102019_signed,22/10/2019
U72900KA2018FTC117044,Form SH-7-12122019-signed,12/12/2019
U72900KA2018FTC117044,Form PAS-3-17122019_signed,17/12/2019
U72900KA2018FTC117044,Form MGT-14-20122019-signed,20/12/2019
U72900KA2018FTC117044,Form MGT-14-24122019-signed,24/12/2019
U72901KA2018PTC117040,Form ADT-1-16102019_signed,16/10/2019
U65992KA2018PTC117042,Form ADT-1-28052019_signed,28/05/2019
U65992KA2018PTC117042,Form DPT-3-30062019,03/07/2019
U72900KA2018PTC117048,No data,No data
U72200KA2018FTC117052,Form PAS-3-28022019_signed,28/02/2019
U72200KA2018FTC117052,Form DPT-3-30062019,30/06/2019
U72200KA2018FTC117052,Form ADT-1-28092019_signed,28/09/2019
U74999KA2018OPC117043,No data,No data
U52190KA2018PTC117045,No data,No data
U72200KA2018PTC117046,No data,No data
U70109KA2018PTC117047,Form DPT-3-28062019,28/06/2019
U70109KA2018PTC117047,Form DPT-3-28062019,28/06/2019
U33309KA2018PTC117049,Form DPT-3-24012020-signed,24/01/2020
U72200KA2018PTC117050,Form ADT-1-08012019_signed,08/01/2019
U72900KA2018PTC117051,No data,No data
U74999KA2018PTC117053,No data,No data
U72900KA2018PTC117054,Form MGT-14-31072019_signed,31/07/2019
U74999KA2018PTC117056,No data,No data
U45209KA2018PTC117058,No data,No data
U70109KA2018PTC117055,No data,No data
U72200KA2018OPC117057,No data,No data
U52603KA2018PTC117060,No data,No data
U74900KA2018PTC117059,No data,No data
U74999KA2018PTC117066,No data,No data
U80900KA2018PTC117064,No data,No data
U74999KA2018PTC117061,Form INC-22-15122019_signed,15/12/2019
U74990KA2018PTC117062,No data,No data
U45209KA2018PTC117063,No data,No data
U21091KA2018PTC117065,Form MGT-14-10052019-signed,10/05/2019
U21091KA2018PTC117065,Form ADT-1-14102019_signed,14/10/2019
U72200KA2018PTC117067,No data,No data
U74999KA2018PTC117068,Form ADT-1-28102019_signed,28/10/2019
U72501KA2018PTC117069,No data,No data
U73200KA2018PTC117070,Form ADT-1-15052019_signed,15/05/2019
U72900KA2018OPC117071,Form INC-22-12032019_signed,12/03/2019
U72900KA2018PTC117072,No data,No data
U80900KA2018PTC117073,No data,No data
U72900KA2018PTC117080,Form ADT-1-14102019_signed,14/10/2019
U74999KA2018PTC117074,No data,No data
U74999KA2018PTC117075,Form BEN - 2-04012020_signed,04/01/2020
U74999KA2018OPC117076,No data,No data
U24303KA2018PTC117082,No data,No data
U74999KA2018PTC117077,No data,No data
U74999KA2018PTC117078,No data,No data
U74999KA2018PTC117079,No data,No data
U15400KA2018PTC117081,No data,No data
U55209KA2018PTC117083,Form ADT-1-26072019_signed,26/07/2019
U74999KA2018PTC117084,Form MGT-14-25012019_signed,25/01/2019
U74999KA2018PTC117084,Form DPT-3-10012020-signed,10/01/2020
U74999KA2018PTC117085,No data,No data
U51900KA2018PTC117086,No data,No data
U24100KA2018PTC117088,No data,No data
U15490KA2018PTC117087,No data,No data
U01500KA2018PTC117090,No data,No data
U15100KA2018PTC117092,No data,No data
U72900KA2018PTC117094,No data,No data
U74999KA2018PTC117096,Form ADT-1-20112019_signed,20/11/2019
U93000KA2018PTC117097,No data,No data
U15549KA2018PTC117098,Form ADT-1-29122019_signed,29/12/2019
U74999KA2018PTC117089,Form MGT-14-21032019-signed,21/03/2019
U15100KA2018PTC117091,Form ADT-1-13052019_signed,13/05/2019
U80902KA2018PTC117093,Form DPT-3-27062019,27/06/2019
U80902KA2018PTC117093,Form DPT-3-27062019,27/06/2019
U74990KA2018PTC117095,No data,No data
U60300KA2018PTC117099,Form INC-22-15092019_signed,15/09/2019
U60300KA2018PTC117099,Form MGT-14-15092019_signed,15/09/2019
U60300KA2018PTC117099,Form ADT-1-15092019_signed,15/09/2019
U74999KA2018PTC117100,Form ADT-1-26102019_signed,26/10/2019
U45209KA2018PTC117101,No data,No data
U50500KA2018PTC117105,No data,No data
U74999KA2018PTC117108,No data,No data
U72900KA2018PTC117106,No data,No data
U72900KA2018PTC117113,Form ADT-1-15082019_signed,15/08/2019
U72900KA2018PTC117113,Form DPT-3-18112019-signed,18/11/2019
U80904KA2018PTC117102,No data,No data
U45309KA2018PTC117103,No data,No data
U72900KA2018FTC117104,Form INC-22-17052019_signed,17/05/2019
U72900KA2018PTC117107,No data,No data
U74999KA2018PTC117110,Form PAS-3-17092019_signed,17/09/2019
U74999KA2018PTC117112,No data,No data
U72900KA2018PTC117109,No data,No data
U50300KA2018PTC117111,Form PAS-3-05012019_signed,05/01/2019
U50300KA2018PTC117111,Form MGT-14-21022019_signed,21/02/2019
U50300KA2018PTC117111,Form DPT-3-18112019-signed,18/11/2019
U50300KA2018PTC117111,Form ADT-1-29112019_signed,29/11/2019
U74999KA2018PTC117114,No data,No data
U72900KA2018PTC117115,No data,No data
U74999KA2018PTC117117,No data,No data
U72900KA2018PTC117118,Form DPT-3-28092019,28/09/2019
U72900KA2018PTC117116,No data,No data
U74999KA2018OPC117119,Form ADT-1-03102019_signed,03/10/2019
U52190KA2018PTC117120,No data,No data
U93090KA2018PTC117121,No data,No data
U74999KA2018PTC117122,No data,No data
U33100KA2018OPC117123,Form DPT-3-29062019,29/06/2019
U33100KA2018OPC117123,Form DPT-3-30062019,30/06/2019
U33100KA2018OPC117123,Form ADT-1-18102019_signed,18/10/2019
